"lambda1","lambda2","ndim","fold1","fold2","rmse","bias"
0,0,1,1,1,0.420424915139304,-0.000804563437898858
0,0,1,1,2,0.435727826914924,0.00195530933880512
0,0,1,2,1,0.423412940024813,0.00157937850750304
0,0,1,2,2,0.438715480702245,-0.00671529783357513
0,0,1,3,1,0.423616530691582,-0.00468759282361579
0,0,1,3,2,0.439978724037787,0.00196748513443201
0,0,2,1,1,0.415641352833479,-0.00270521294203621
0,0,2,1,2,0.431795577556335,-0.00179822918111031
0,0,2,2,1,0.417656111778898,0.00275108186540942
0,0,2,2,2,0.433853810724778,-0.00460552423759637
0,0,2,3,1,0.419339462685653,-0.00526588988962296
0,0,2,3,2,0.435911558653408,0.00140930246164555
0,0,3,1,1,0.416438522737371,-0.00599684770743182
0,0,3,1,2,0.432807257147399,-0.00400277205633019
0,0,3,2,1,0.418062078664427,-0.00101766096605362
0,0,3,2,2,0.434298334032211,-0.0102319752242218
0,0,3,3,1,0.41948116209561,-0.00995772616792346
0,0,3,3,2,0.437091689554198,-0.00237600565634627
0,0.333,1,1,1,0.41980031522954,-0.0015577257355776
0,0.333,1,1,2,0.435150796252197,0.000719603459026964
0,0.333,1,2,1,0.422834321924093,0.00103820076503149
0,0.333,1,2,2,0.437893557499919,-0.007449753738356
0,0.333,1,3,1,0.423227168729291,-0.00465842362845481
0,0.333,1,3,2,0.439218384932641,0.00103461916966547
0,0.333,2,1,1,0.414254352979877,-0.0028715023161876
0,0.333,2,1,2,0.430103165095081,-0.00227370612951058
0,0.333,2,2,1,0.416504970520853,0.0023541306312501
0,0.333,2,2,2,0.43236642508122,-0.0056113553259357
0,0.333,2,3,1,0.418200973254333,-0.00562912280561344
0,0.333,2,3,2,0.434268315282352,0.000879738366273358
0,0.333,3,1,1,0.412899682822838,-0.00228325819534457
0,0.333,3,1,2,0.429613805926427,-0.00301896187871077
0,0.333,3,2,1,0.415366441728854,0.000918786364819478
0,0.333,3,2,2,0.431579253765349,-0.00834826054751038
0,0.333,3,3,1,0.41699316633391,-0.00582113670114824
0,0.333,3,3,2,0.433441646627575,-0.0017294997289909
0,0.667,1,1,1,0.41980851376799,-0.00149873599109809
0,0.667,1,1,2,0.435208491406965,0.000454276831108046
0,0.667,1,2,1,0.422714207799305,0.00129166095390166
0,0.667,1,2,2,0.4377269252789,-0.00743851610989686
0,0.667,1,3,1,0.423236716375339,-0.00419097461711344
0,0.667,1,3,2,0.43912341367884,0.00112183823974932
0,0.667,2,1,1,0.414137520819406,-0.00239822306548945
0,0.667,2,1,2,0.429965381039849,-0.00261393428611593
0,0.667,2,2,1,0.416365596268887,0.00275173380937799
0,0.667,2,2,2,0.432088774195117,-0.00594316516167229
0,0.667,2,3,1,0.418090196500568,-0.0049833675434029
0,0.667,2,3,2,0.433963890878071,0.000532130852122845
0,0.667,3,1,1,0.412542231745585,-0.00337132675195553
0,0.667,3,1,2,0.429158210839958,-0.00186602528472574
0,0.667,3,2,1,0.415062520377175,0.00271094942024814
0,0.667,3,2,2,0.431023947229098,-0.00826618191151982
0,0.667,3,3,1,0.416668284047943,-0.00444747978944957
0,0.667,3,3,2,0.43294647375584,-0.00116310853249247
0,1,1,1,1,0.41991786338142,-0.00136019538689186
0,1,1,1,2,0.435358640891592,0.000221980806315835
0,1,1,2,1,0.422690672005813,0.00157426834373355
0,1,1,2,2,0.437695887654377,-0.00759860766382214
0,1,1,3,1,0.423316081053719,-0.00374682877768707
0,1,1,3,2,0.439141916006235,0.00102611054286041
0,1,2,1,1,0.414167721539541,-0.00224884076819631
0,1,2,1,2,0.429961208421265,-0.00318641569791136
0,1,2,2,1,0.416357926891087,0.00304778170238282
0,1,2,2,2,0.432060739720059,-0.00639433470558484
0,1,2,3,1,0.418088325289335,-0.00441036295447855
0,1,2,3,2,0.433876785532081,0.000359748819158039
0,1,3,1,1,0.412561283662091,-0.0026604951486714
0,1,3,1,2,0.428916969994038,-0.0015480450406059
0,1,3,2,1,0.415146843595757,0.00335484736816249
0,1,3,2,2,0.431109980519175,-0.00747140030308607
0,1,3,3,1,0.416457271047097,-0.00493624716987499
0,1,3,3,2,0.432832404425339,-0.00035759192009089
0,1.333,1,1,1,0.420071429300383,-0.00114113593266153
0,1.333,1,1,2,0.435548754600401,4.32174105481016e-05
0,1.333,1,2,1,0.422715775612046,0.00190686761335539
0,1.333,1,2,2,0.437732167409763,-0.00767780659437957
0,1.333,1,3,1,0.423429603117543,-0.00327812180664266
0,1.333,1,3,2,0.439218996790083,0.000999304352525469
0,1.333,2,1,1,0.414257744799798,-0.00212791058365164
0,1.333,2,1,2,0.430069925902583,-0.00340633398505862
0,1.333,2,2,1,0.416406152360196,0.00331103306428993
0,1.333,2,2,2,0.432116281643666,-0.00666851668318485
0,1.333,2,3,1,0.418159933365437,-0.00411650237700592
0,1.333,2,3,2,0.433849884630824,7.56546021264605e-05
0,1.333,3,1,1,0.412807470650194,-0.0027165059602794
0,1.333,3,1,2,0.429015495032445,-0.00229630440647459
0,1.333,3,2,1,0.414929863443886,0.00343864453799431
0,1.333,3,2,2,0.43097642017784,-0.0073302901856254
0,1.333,3,3,1,0.416474247005906,-0.0030791319381645
0,1.333,3,3,2,0.432723695282611,-0.00111961485385704
0,1.667,1,1,1,0.420250257710064,-0.000872319252117199
0,1.667,1,1,2,0.435760542461844,-7.07493531757391e-05
0,1.667,1,2,1,0.422771500773037,0.00227264878204074
0,1.667,1,2,2,0.437850924680907,-0.00782299061711268
0,1.667,1,3,1,0.42356419923372,-0.00278972857056033
0,1.667,1,3,2,0.439330664445722,0.000995630322491423
0,1.667,2,1,1,0.414384935631421,-0.00191470911928644
0,1.667,2,1,2,0.430174243543491,-0.00363350044538507
0,1.667,2,2,1,0.416509232106974,0.00374379800331199
0,1.667,2,2,2,0.432207790548963,-0.00668453911196536
0,1.667,2,3,1,0.418274480481637,-0.0036145756226958
0,1.667,2,3,2,0.433897020744173,-8.11608608103474e-06
0,1.667,3,1,1,0.412994581200772,-0.00113649574723115
0,1.667,3,1,2,0.429035187644246,-0.0019854848269625
0,1.667,3,2,1,0.415290141364755,0.00431381327768412
0,1.667,3,2,2,0.431120460847383,-0.00867838271676214
0,1.667,3,3,1,0.416602981391766,-0.000994304172227643
0,1.667,3,3,2,0.432817913705719,0.000297040581800689
0,2,1,1,1,0.420443398277223,-0.000567242894289596
0,2,1,1,2,0.435983706072412,-0.000157803441781777
0,2,1,2,1,0.422847975344353,0.00266258272261855
0,2,1,2,2,0.437954126479455,-0.00784593940752382
0,2,1,3,1,0.423711944426613,-0.0022901674051623
0,2,1,3,2,0.439464390022189,0.00100429668635761
0,2,2,1,1,0.414542850513228,-0.00155702500176807
0,2,2,1,2,0.43029480544641,-0.00368338753087632
0,2,2,2,1,0.41664042221218,0.004285986716932
0,2,2,2,2,0.432340015198503,-0.0070227226567858
0,2,2,3,1,0.418392000064873,-0.00300270456397353
0,2,2,3,2,0.433946828573026,-5.41590111811183e-05
0,2,3,1,1,0.412991066894359,-0.000863079887525204
0,2,3,1,2,0.429190803023782,-0.00248906055470794
0,2,3,2,1,0.415457533933931,0.00660751850141893
0,2,3,2,2,0.431214196176502,-0.0075286269451115
0,2,3,3,1,0.416795185265942,-0.000825113888826107
0,2,3,3,2,0.432959020796141,0.000212917911795439
0,2.333,1,1,1,0.420645524086583,-0.000244632216272003
0,2.333,1,1,2,0.436213831429068,-0.000222486703860144
0,2.333,1,2,1,0.422939441781325,0.00306516434479658
0,2.333,1,2,2,0.438075985020436,-0.00785858415356505
0,2.333,1,3,1,0.423903822768293,-0.00177571668352815
0,2.333,1,3,2,0.439613468151623,0.00102628665649587
0,2.333,2,1,1,0.414698432285526,-0.00125256102144529
0,2.333,2,1,2,0.430448954929634,-0.00383248701359855
0,2.333,2,2,1,0.416791548167473,0.00484204032315891
0,2.333,2,2,2,0.432532501357892,-0.00721903730004689
0,2.333,2,3,1,0.418508546256105,-0.00221932390573226
0,2.333,2,3,2,0.434027269778627,-9.85230707471629e-05
0,2.333,3,1,1,0.413127305989299,-0.0001806303517246
0,2.333,3,1,2,0.42956379986821,-0.0027879588018617
0,2.333,3,2,1,0.415516066222162,0.00701119972970219
0,2.333,3,2,2,0.431307025121754,-0.00804971893201513
0,2.333,3,3,1,0.416718265868105,0.000146660683291117
0,2.333,3,3,2,0.432737838801163,-0.000219853108524887
0,2.667,1,1,1,0.420853811870451,9.30958347989751e-05
0,2.667,1,1,2,0.43644850046038,-0.000269175545881187
0,2.667,1,2,1,0.423065151993261,0.00348429753326022
0,2.667,1,2,2,0.438211636635297,-0.00785745569819691
0,2.667,1,3,1,0.424068052749924,-0.00126195764241766
0,2.667,1,3,2,0.439773904896454,0.00105985234767379
0,2.667,2,1,1,0.414864746867929,-0.000926314218709514
0,2.667,2,1,2,0.430608609030475,-0.00394309413259762
0,2.667,2,2,1,0.416957589281575,0.00542902215895753
0,2.667,2,2,2,0.432694935495786,-0.00734873431399417
0,2.667,2,3,1,0.418658770050226,-0.00162279470561493
0,2.667,2,3,2,0.434125243780888,-0.000139433387567249
0,2.667,3,1,1,0.413361356536387,3.77507377963089e-05
0,2.667,3,1,2,0.429271341381823,-0.00350906039751902
0,2.667,3,2,1,0.415665729972198,0.00766726453202273
0,2.667,3,2,2,0.431414973393685,-0.00730374854245691
0,2.667,3,3,1,0.416956930168547,0.00119292266819483
0,2.667,3,3,2,0.433143866293759,-0.00015461024372431
0,3,1,1,1,0.421064857704538,0.000439330588149069
0,3,1,1,2,0.436684338915592,-0.00030168000710648
0,3,1,2,1,0.423154068951171,0.00389581575317438
0,3,1,2,2,0.438356786509115,-0.00784598871332751
0,3,1,3,1,0.42423664228767,-0.000751259542164438
0,3,1,3,2,0.439978394986306,0.00108468784380165
0,3,2,1,1,0.41503863208163,-0.000508202035859021
0,3,2,1,2,0.430771286194789,-0.00401558231096507
0,3,2,2,1,0.417127734441102,0.00599238087799484
0,3,2,2,2,0.432867263820394,-0.00747829292779992
0,3,2,3,1,0.418819312928972,-0.00107357340346776
0,3,2,3,2,0.434236116248203,-0.000182467975579617
0,3,3,1,1,0.413290359117617,0.000898809420807181
0,3,3,1,2,0.429491796172876,-0.00304626170465152
0,3,3,2,1,0.415707564457395,0.00807980303250631
0,3,3,2,2,0.431520510857064,-0.007821533773464
0,3,3,3,1,0.4169875620266,0.00173899241114154
0,3,3,3,2,0.432867415223616,-0.000180558132498331
0.333,0,1,1,1,0.420005607084606,-0.0013239085534491
0.333,0,1,1,2,0.435318768233411,0.00123860033553743
0.333,0,1,2,1,0.423067603676179,0.0011788782583636
0.333,0,1,2,2,0.438246881657771,-0.00700671185337518
0.333,0,1,3,1,0.423387871618763,-0.00483157317590071
0.333,0,1,3,2,0.439465712756922,0.00176931492135295
0.333,0,2,1,1,0.41451523397753,-0.00241493812058166
0.333,0,2,1,2,0.430443865415681,-0.00157029540895302
0.333,0,2,2,1,0.416771338500479,0.00259280599684254
0.333,0,2,2,2,0.432758644286773,-0.00499960352111386
0.333,0,2,3,1,0.418555631160744,-0.0051946123292198
0.333,0,2,3,2,0.434768457415689,0.00198380529512907
0.333,0,3,1,1,0.413677163913214,-0.00495978435544846
0.333,0,3,1,2,0.430306601691404,-0.0018027882226308
0.333,0,3,2,1,0.4160058249787,0.000812714877835652
0.333,0,3,2,2,0.432163058593575,-0.008162546811067
0.333,0,3,3,1,0.417659709307979,-0.00668060281650065
0.333,0,3,3,2,0.434136710167691,0.000296951799303146
0.333,0.333,1,1,1,0.419804170158669,-0.00160599754253029
0.333,0.333,1,1,2,0.435202292674576,0.000617082332458251
0.333,0.333,1,2,1,0.422784741770651,0.00113664215861892
0.333,0.333,1,2,2,0.437792389218906,-0.00720093032034237
0.333,0.333,1,3,1,0.423254179291936,-0.00448885617309566
0.333,0.333,1,3,2,0.43916445574832,0.00135203357336099
0.333,0.333,2,1,1,0.414136046281032,-0.00259386925052454
0.333,0.333,2,1,2,0.430001400332958,-0.00225744363706662
0.333,0.333,2,2,1,0.416402767364564,0.00250927972663962
0.333,0.333,2,2,2,0.432176589259646,-0.00551497100751598
0.333,0.333,2,3,1,0.418124610197224,-0.00539191841071709
0.333,0.333,2,3,2,0.434039633234819,0.000901143735600234
0.333,0.333,3,1,1,0.41269854097467,-0.00246083445873388
0.333,0.333,3,1,2,0.4291663820563,-0.00133316755186429
0.333,0.333,3,2,1,0.415083522760644,0.000922754748693733
0.333,0.333,3,2,2,0.431419844110803,-0.00818052417879387
0.333,0.333,3,3,1,0.416697362701974,-0.00587424310700176
0.333,0.333,3,3,2,0.433126030808118,-0.00143515554654101
0.333,0.667,1,1,1,0.41987887555797,-0.00160650055994929
0.333,0.667,1,1,2,0.435319444412193,0.000275442470628492
0.333,0.667,1,2,1,0.422718527775499,0.00130003016011627
0.333,0.667,1,2,2,0.437734619360157,-0.00755280617137367
0.333,0.667,1,3,1,0.423306120246571,-0.0041262580307431
0.333,0.667,1,3,2,0.439135756948035,0.00114513495340696
0.333,0.667,2,1,1,0.414112150413691,-0.00230914383514399
0.333,0.667,2,1,2,0.429940288953451,-0.00286811086708645
0.333,0.667,2,2,1,0.416338439579184,0.00293163014418052
0.333,0.667,2,2,2,0.432046930681324,-0.00607006496001041
0.333,0.667,2,3,1,0.41807890996842,-0.00471359972803232
0.333,0.667,2,3,2,0.43389720098871,0.000591145793195841
0.333,0.667,3,1,1,0.412719014342172,-0.00295972218914839
0.333,0.667,3,1,2,0.42909999495174,-0.00116517530769549
0.333,0.667,3,2,1,0.415102211834188,0.00195181308575718
0.333,0.667,3,2,2,0.431030172939424,-0.00761364814464019
0.333,0.667,3,3,1,0.416691935798057,-0.00498495935304808
0.333,0.667,3,3,2,0.432827622526568,-0.00143494292629668
0.333,1,1,1,1,0.420022803201113,-0.00144590528877528
0.333,1,1,1,2,0.435501799460849,4.57776365090195e-05
0.333,1,1,2,1,0.422724142144715,0.0015744265852729
0.333,1,1,2,2,0.437744088732111,-0.00768856430408235
0.333,1,1,3,1,0.423408091077799,-0.00370000488143046
0.333,1,1,3,2,0.439193322965293,0.00105953018906542
0.333,1,2,1,1,0.414188084236793,-0.00230355447332596
0.333,1,2,1,2,0.430017515298822,-0.00336140965527822
0.333,1,2,2,1,0.416378678297074,0.0030747153011861
0.333,1,2,2,2,0.432095867856206,-0.00656291725874667
0.333,1,2,3,1,0.418127494545147,-0.00439448973204495
0.333,1,2,3,2,0.433856438362584,0.000470185952126847
0.333,1,3,1,1,0.412732541288102,-0.00246239056566696
0.333,1,3,1,2,0.428937972026608,-0.00170088344032326
0.333,1,3,2,1,0.414846754571566,0.0040874837958117
0.333,1,3,2,2,0.430931776324873,-0.00796892993327242
0.333,1,3,3,1,0.416413883597897,-0.00433589816984533
0.333,1,3,3,2,0.432712192886689,-0.00131088820467688
0.333,1.333,1,1,1,0.420198607793994,-0.00121497807979204
0.333,1.333,1,1,2,0.435712663513361,-0.00010900801855303
0.333,1.333,1,2,1,0.422769457669458,0.00191444472846898
0.333,1.333,1,2,2,0.437850358007998,-0.00788062930519431
0.333,1.333,1,3,1,0.42353651191828,-0.00322983713643192
0.333,1.333,1,3,2,0.439295375042055,0.00100558954432222
0.333,1.333,2,1,1,0.414317854362102,-0.00215589589130758
0.333,1.333,2,1,2,0.430145803769511,-0.00354123033417251
0.333,1.333,2,2,1,0.416464032844025,0.00346332774344887
0.333,1.333,2,2,2,0.432183395603872,-0.00679666704211714
0.333,1.333,2,3,1,0.418238355305826,-0.00386908106398222
0.333,1.333,2,3,2,0.433881092380204,0.000207165881706945
0.333,1.333,3,1,1,0.412765744741079,-0.00238250557390682
0.333,1.333,3,1,2,0.429087519600746,-0.00218677020513413
0.333,1.333,3,2,1,0.415335560266567,0.00531076194864417
0.333,1.333,3,2,2,0.431226217563159,-0.00725492893666254
0.333,1.333,3,3,1,0.416494129609814,-0.00223836440244578
0.333,1.333,3,3,2,0.432715820026111,0.000204882652548653
0.333,1.667,1,1,1,0.420392929331497,-0.000931662622983937
0.333,1.667,1,1,2,0.435939437339444,-0.000228088966545228
0.333,1.667,1,2,1,0.422840008911716,0.00228134747128632
0.333,1.667,1,2,2,0.437902454436624,-0.00782822140988828
0.333,1.667,1,3,1,0.423682045402529,-0.00274887795214084
0.333,1.667,1,3,2,0.439461713123237,0.000966175750858988
0.333,1.667,2,1,1,0.414476917882546,-0.00180357622305746
0.333,1.667,2,1,2,0.430289516476731,-0.0036093531641874
0.333,1.667,2,2,1,0.416592419346553,0.00394743020123456
0.333,1.667,2,2,2,0.432298450467961,-0.00696280419374153
0.333,1.667,2,3,1,0.4183606194149,-0.00335326518786122
0.333,1.667,2,3,2,0.433948178773009,-8.4440931624233e-05
0.333,1.667,3,1,1,0.412959966851725,-0.00171028377049102
0.333,1.667,3,1,2,0.429252560308596,-0.00323588134604216
0.333,1.667,3,2,1,0.415368471697744,0.00481598611428634
0.333,1.667,3,2,2,0.431059381172848,-0.00848162347351509
0.333,1.667,3,3,1,0.41643992230749,-0.00233925961909649
0.333,1.667,3,3,2,0.432640477862929,-0.000506459056274594
0.333,2,1,1,1,0.420597650069617,-0.000627108058403351
0.333,2,1,1,2,0.436173694308423,-0.000313849014010161
0.333,2,1,2,1,0.422950345659697,0.00267122985920608
0.333,2,1,2,2,0.438064163750071,-0.00796150503153917
0.333,2,1,3,1,0.423873810012004,-0.00222431889343114
0.333,2,1,3,2,0.439609786863561,0.00096832000284111
0.333,2,2,1,1,0.414639541331276,-0.00141205227557415
0.333,2,2,1,2,0.430433045746084,-0.00372919208907251
0.333,2,2,2,1,0.416744684180111,0.00448527006754988
0.333,2,2,2,2,0.432493677398209,-0.00720099921209418
0.333,2,2,3,1,0.418489558897123,-0.00270325469091721
0.333,2,2,3,2,0.43402331132525,-0.000137479592961487
0.333,2,3,1,1,0.412961318907193,-0.00107132702293769
0.333,2,3,1,2,0.429205997311493,-0.00222961806987966
0.333,2,3,2,1,0.415600173050822,0.00675054300105483
0.333,2,3,2,2,0.431200698034594,-0.00777378024946149
0.333,2,3,3,1,0.416822361063252,-0.000176657610063685
0.333,2,3,3,2,0.432995419060881,0.000302548358628191
0.333,2.333,1,1,1,0.420808557125517,-0.000299146931045006
0.333,2.333,1,1,2,0.436411860618793,-0.000370416155490831
0.333,2.333,1,2,1,0.423052073531635,0.00308261992439433
0.333,2.333,1,2,2,0.438197445122505,-0.00796419551826551
0.333,2.333,1,3,1,0.424036944176604,-0.00170657067508828
0.333,2.333,1,3,2,0.4397700898016,0.000997770733319299
0.333,2.333,2,1,1,0.414810362571993,-0.00105759454407762
0.333,2.333,2,1,2,0.430597225513465,-0.00381207912622318
0.333,2.333,2,2,1,0.416906726008487,0.00500393828057043
0.333,2.333,2,2,2,0.43266046760857,-0.00732521976747325
0.333,2.333,2,3,1,0.418636583577788,-0.00207979639071194
0.333,2.333,2,3,2,0.434124833411782,-0.000194556371767973
0.333,2.333,3,1,1,0.413135936893526,0.000893181686490987
0.333,2.333,3,1,2,0.429566347117435,-0.00332003406061896
0.333,2.333,3,2,1,0.415544912407438,0.00747080200986971
0.333,2.333,3,2,2,0.431466385489534,-0.00802901728294184
0.333,2.333,3,3,1,0.416668127603826,0.000183812695958584
0.333,2.333,3,3,2,0.432842066786489,-0.000775354543511056
0.333,2.667,1,1,1,0.421023615659484,4.67628573702091e-05
0.333,2.667,1,1,2,0.436653373116214,-0.000416529532398667
0.333,2.667,1,2,1,0.423164019448415,0.00349777066632399
0.333,2.667,1,2,2,0.438343534822236,-0.00798050613769852
0.333,2.667,1,3,1,0.424206268577475,-0.00119536330899696
0.333,2.667,1,3,2,0.439939756639124,0.00104814888303575
0.333,2.667,2,1,1,0.414990684691238,-0.000696246732697417
0.333,2.667,2,1,2,0.430765358121494,-0.00380814501494896
0.333,2.667,2,2,1,0.417080877531123,0.00555602037295523
0.333,2.667,2,2,2,0.432833944602063,-0.00744569600450164
0.333,2.667,2,3,1,0.418791241855417,-0.00147544207006766
0.333,2.667,2,3,2,0.434236659466477,-0.00020924230303165
0.333,2.667,3,1,1,0.413364132723382,0.000913385309487352
0.333,2.667,3,1,2,0.429719656810023,-0.00316259035313551
0.333,2.667,3,2,1,0.415719943143488,0.00810505180042083
0.333,2.667,3,2,2,0.431563722998302,-0.00753563143861246
0.333,2.667,3,3,1,0.417094193735811,0.000331466315577219
0.333,2.667,3,3,2,0.432887552223713,-0.000419432355817718
0.333,3,1,1,1,0.421239940763227,0.000397265310743644
0.333,3,1,1,2,0.43689333134915,-0.000435587671111919
0.333,3,1,2,1,0.423281728858399,0.00393461930315064
0.333,3,1,2,2,0.438496116978812,-0.00795806782568975
0.333,3,1,3,1,0.424341917746048,-0.000709854979863083
0.333,3,1,3,2,0.440077448258358,0.0011099307837599
0.333,3,2,1,1,0.415170824616058,-0.000281402546559462
0.333,3,2,1,2,0.430942307512387,-0.00390127797646568
0.333,3,2,2,1,0.417259449670237,0.00618254791227172
0.333,3,2,2,2,0.433007294270636,-0.00754102398405737
0.333,3,2,3,1,0.418953285301798,-0.00084754787485829
0.333,3,2,3,2,0.434358033338291,-0.000205570965047565
0.333,3,3,1,1,0.413670594458621,0.00141576004086009
0.333,3,3,1,2,0.429731345565056,-0.00300667119668321
0.333,3,3,2,1,0.415816372473333,0.00879992882415326
0.333,3,3,2,2,0.43160500786326,-0.00767014497646598
0.333,3,3,3,1,0.416987328234297,0.00257883124350768
0.333,3,3,3,2,0.433048265960181,-0.000388463071189483
0.667,0,1,1,1,0.419892446533525,-0.00178272325097415
0.667,0,1,1,2,0.435271064223977,0.000816109700941331
0.667,0,1,2,1,0.422931918407209,0.000836791489020672
0.667,0,1,2,2,0.437998923451227,-0.00723497587214518
0.667,0,1,3,1,0.423352161265175,-0.00503739927228709
0.667,0,1,3,2,0.439287076938896,0.00147453421751133
0.667,0,2,1,1,0.414279735811457,-0.00287146683154769
0.667,0,2,1,2,0.430164031212437,-0.00215202437914981
0.667,0,2,2,1,0.416517611122139,0.00254590441797684
0.667,0,2,2,2,0.432417561758458,-0.00499449198151482
0.667,0,2,3,1,0.418275397671043,-0.00536764331399135
0.667,0,2,3,2,0.434310316981287,0.00137501750219495
0.667,0,3,1,1,0.413125975766081,-0.0032929013833325
0.667,0,3,1,2,0.429602796056262,-0.00156593994135811
0.667,0,3,2,1,0.415501349571053,0.00084393342529845
0.667,0,3,2,2,0.431651409070868,-0.00839155499632401
0.667,0,3,3,1,0.417510891628394,-0.00594429199809728
0.667,0,3,3,2,0.433356736164298,-0.000524352100828414
0.667,0.333,1,1,1,0.419871438105078,-0.00188060409054427
0.667,0.333,1,1,2,0.43531843513821,0.000312624396966873
0.667,0.333,1,2,1,0.422772690071722,0.00103075183497383
0.667,0.333,1,2,2,0.437811503802227,-0.00754596044677538
0.667,0.333,1,3,1,0.423316170346917,-0.00457890047709601
0.667,0.333,1,3,2,0.439179871208207,0.00122346780057918
0.667,0.333,2,1,1,0.414119047820918,-0.00256298491808648
0.667,0.333,2,1,2,0.429970068790277,-0.00262082914531597
0.667,0.333,2,2,1,0.416356838234711,0.00269810548778639
0.667,0.333,2,2,2,0.432113211895797,-0.00567584591277306
0.667,0.333,2,3,1,0.418110659221844,-0.0051255979195112
0.667,0.333,2,3,2,0.433957757398007,0.000879001983219184
0.667,0.333,3,1,1,0.412632173657429,-0.00317784516670365
0.667,0.333,3,1,2,0.429036966830609,-0.00099034843049233
0.667,0.333,3,2,1,0.415084494754444,0.00174814364163091
0.667,0.333,3,2,2,0.431250221942923,-0.0076630935392272
0.667,0.333,3,3,1,0.416681210310179,-0.00483506177043797
0.667,0.333,3,3,2,0.432889426766971,-0.00106787748349653
0.667,0.667,1,1,1,0.419993088217384,-0.00183494321252221
0.667,0.667,1,1,2,0.435479841213848,-5.25500546530742e-06
0.667,0.667,1,2,1,0.422747373033376,0.00117614376587992
0.667,0.667,1,2,2,0.437778866838565,-0.00775005539050784
0.667,0.667,1,3,1,0.423398024055388,-0.00421867140161435
0.667,0.667,1,3,2,0.439204449836145,0.00102352394310581
0.667,0.667,2,1,1,0.41415428429501,-0.00251529940845432
0.667,0.667,2,1,2,0.43001458550176,-0.00316329183640914
0.667,0.667,2,2,1,0.416368516735291,0.00276797473063064
0.667,0.667,2,2,2,0.432095487923569,-0.00639503699774848
0.667,0.667,2,3,1,0.418118112710292,-0.00474707638671361
0.667,0.667,2,3,2,0.433876446157755,0.000629831722546121
0.667,0.667,3,1,1,0.412453675572959,-0.00266978442192397
0.667,0.667,3,1,2,0.429131811929226,-0.00134743940114297
0.667,0.667,3,2,1,0.415033944036101,0.00234319422244953
0.667,0.667,3,2,2,0.430981638646299,-0.00770482598071769
0.667,0.667,3,3,1,0.416508272223594,-0.00485115423900685
0.667,0.667,3,3,2,0.432710601803713,-0.000989607388721679
0.667,1,1,1,1,0.420161276610728,-0.00161997655333994
0.667,1,1,1,2,0.435686565957987,-0.00021159548132021
0.667,1,1,2,1,0.422777924964733,0.00146232525190178
0.667,1,1,2,2,0.437823478513824,-0.00792200768291623
0.667,1,1,3,1,0.423517219882557,-0.00375727716814708
0.667,1,1,3,2,0.439272915179017,0.00109698385953998
0.667,1,2,1,1,0.414277664080458,-0.00239742790958667
0.667,1,2,1,2,0.4301370998217,-0.00346099441867178
0.667,1,2,2,1,0.416445137581492,0.00311099493182603
0.667,1,2,2,2,0.432178543936215,-0.00673357866015362
0.667,1,2,3,1,0.41821791478918,-0.00431471641498534
0.667,1,2,3,2,0.433890015805593,0.000322231242177952
0.667,1,3,1,1,0.412762888413777,-0.00287719277778643
0.667,1,3,1,2,0.429132678278394,-0.00178650463449583
0.667,1,3,2,1,0.415451883494798,0.00499121113857984
0.667,1,3,2,2,0.431138509267699,-0.00810494972883847
0.667,1,3,3,1,0.416440022582662,-0.00234854378409462
0.667,1,3,3,2,0.43265184463481,-0.000989792668948935
0.667,1.333,1,1,1,0.420353736345554,-0.00135552105457033
0.667,1.333,1,1,2,0.43591307128704,-0.000371822773317164
0.667,1.333,1,2,1,0.422861380241718,0.00180441144299242
0.667,1.333,1,2,2,0.437952268398166,-0.00809188907420263
0.667,1.333,1,3,1,0.423695906360445,-0.00326234153882584
0.667,1.333,1,3,2,0.439395790486584,0.000994528214360566
0.667,1.333,2,1,1,0.414430298833379,-0.00211408624765601
0.667,1.333,2,1,2,0.430284281567585,-0.00359026708615935
0.667,1.333,2,2,1,0.416558503101655,0.00356347841121775
0.667,1.333,2,2,2,0.432331766152471,-0.0070441536950113
0.667,1.333,2,3,1,0.418344187131258,-0.00378933300060157
0.667,1.333,2,3,2,0.433950287049327,-5.53886714323445e-06
0.667,1.333,3,1,1,0.413040771379106,-0.00156468407865974
0.667,1.333,3,1,2,0.429231149450377,-0.00213092838561511
0.667,1.333,3,2,1,0.415333204709168,0.00375992671552342
0.667,1.333,3,2,2,0.430908171620342,-0.00783503195260069
0.667,1.333,3,3,1,0.416629873472467,-0.00199220481551866
0.667,1.333,3,3,2,0.432723469640673,0.000143619062232986
0.667,1.667,1,1,1,0.420559451383365,-0.00105124136859831
0.667,1.667,1,1,2,0.436149133929147,-0.000453799781755956
0.667,1.667,1,2,1,0.422945660531055,0.00221293763877881
0.667,1.667,1,2,2,0.438064566549997,-0.00812744346640376
0.667,1.667,1,3,1,0.423811095001665,-0.00275433580503332
0.667,1.667,1,3,2,0.439602059286946,0.000870189388079191
0.667,1.667,2,1,1,0.414607637333521,-0.00169337140263135
0.667,1.667,2,1,2,0.430436034292699,-0.00364755295359732
0.667,1.667,2,2,1,0.416708182952523,0.00410306238835169
0.667,1.667,2,2,2,0.432426119951806,-0.00706668074991128
0.667,1.667,2,3,1,0.418472430521905,-0.00317499468734185
0.667,1.667,2,3,2,0.434029559485488,-0.000183899825077561
0.667,1.667,3,1,1,0.413557008647771,-0.00106978712435829
0.667,1.667,3,1,2,0.429336613799038,-0.00363189401995651
0.667,1.667,3,2,1,0.415382892252964,0.00608819708373337
0.667,1.667,3,2,2,0.431157604772452,-0.00677501444009577
0.667,1.667,3,3,1,0.41671237887852,-0.000294215128329141
0.667,1.667,3,3,2,0.432739541688932,-0.000278311329220642
0.667,2,1,1,1,0.420773244123864,-0.000735328654880007
0.667,2,1,1,2,0.436388454650582,-0.000495841434677881
0.667,2,1,2,1,0.423044541456269,0.00261676410962779
0.667,2,1,2,2,0.438194875946158,-0.00815829365784055
0.667,2,1,3,1,0.424011166789975,-0.00225816440339733
0.667,2,1,3,2,0.439762175748087,0.000865289755623295
0.667,2,2,1,1,0.414777750275109,-0.00135267123599325
0.667,2,2,1,2,0.430598062245732,-0.00371327472023793
0.667,2,2,2,1,0.416871458478528,0.00463184517831378
0.667,2,2,2,2,0.432644644627033,-0.00733300615053198
0.667,2,2,3,1,0.418616604767229,-0.00249944362085701
0.667,2,2,3,2,0.434122977831608,-0.000169250285176637
0.667,2,3,1,1,0.413100094523934,-4.25804470807255e-05
0.667,2,3,1,2,0.429569152563624,-0.00298869922248161
0.667,2,3,2,1,0.41551828171234,0.00705544370335102
0.667,2,3,2,2,0.431396930064586,-0.00772428730184814
0.667,2,3,3,1,0.416572266104266,-0.000985256047947651
0.667,2,3,3,2,0.432826636575115,-0.000612213356959368
0.667,2.333,1,1,1,0.420991236126919,-0.000407789389480837
0.667,2.333,1,1,2,0.436636420322919,-0.00056922462681955
0.667,2.333,1,2,1,0.423153997174391,0.00303646968608039
0.667,2.333,1,2,2,0.438338454962574,-0.00816849436616363
0.667,2.333,1,3,1,0.424180008836932,-0.00174321773930474
0.667,2.333,1,3,2,0.439931832404727,0.000906024806739918
0.667,2.333,2,1,1,0.414963840763976,-0.00100770776762514
0.667,2.333,2,1,2,0.430776968240053,-0.00382702093147584
0.667,2.333,2,2,1,0.417046119947543,0.00515635586856268
0.667,2.333,2,2,2,0.432818617813403,-0.00746528142201541
0.667,2.333,2,3,1,0.418771201296746,-0.00187448767526213
0.667,2.333,2,3,2,0.434240675965442,-0.000224045104146011
0.667,2.333,3,1,1,0.413303729082268,0.000504823089158615
0.667,2.333,3,1,2,0.429589703240537,-0.0032952907655197
0.667,2.333,3,2,1,0.415646728754082,0.00666806277053277
0.667,2.333,3,2,2,0.431508599472892,-0.00796800991702011
0.667,2.333,3,3,1,0.416884247289984,0.00130065277428252
0.667,2.333,3,3,2,0.43292249317041,-0.000266480704955126
0.667,2.667,1,1,1,0.421210728075597,-4.04791622067682e-05
0.667,2.667,1,1,2,0.436879000065587,-0.000589195757219539
0.667,2.667,1,2,1,0.423272868190272,0.0034443822688309
0.667,2.667,1,2,2,0.438490348664276,-0.00813465267154933
0.667,2.667,1,3,1,0.42435234543847,-0.00118183932151254
0.667,2.667,1,3,2,0.440109175647353,0.000924520408966868
0.667,2.667,2,1,1,0.415150830908393,-0.000584447558378734
0.667,2.667,2,1,2,0.430953201059083,-0.00388816116776386
0.667,2.667,2,2,1,0.417239248606199,0.00584695194392266
0.667,2.667,2,2,2,0.432993142472933,-0.00755046679797841
0.667,2.667,2,3,1,0.4189630534525,-0.00130030577623645
0.667,2.667,2,3,2,0.434399728505951,-0.000313947183572527
0.667,2.667,3,1,1,0.413553568915505,0.000319791609039561
0.667,2.667,3,1,2,0.429589040002695,-0.00257381048715928
0.667,2.667,3,2,1,0.41595771715109,0.0077760896446985
0.667,2.667,3,2,2,0.431673922969674,-0.00765110425290535
0.667,2.667,3,3,1,0.417009048362468,0.00225659330830621
0.667,2.667,3,3,2,0.433047990040416,-1.95261881352189e-05
0.667,3,1,1,1,0.421432420667576,0.000301156270996228
0.667,3,1,1,2,0.43712432192078,-0.000612490492519829
0.667,3,1,2,1,0.423394950588664,0.00389027304799736
0.667,3,1,2,2,0.438647751527086,-0.00806956360884988
0.667,3,1,3,1,0.424528313118811,-0.000683233662842692
0.667,3,1,3,2,0.440290731031239,0.00100163503488866
0.667,3,2,1,1,0.415336212227577,-0.000121439803129934
0.667,3,2,1,2,0.43113239860425,-0.00394443190719364
0.667,3,2,2,1,0.417431551428939,0.00642103247511385
0.667,3,2,2,2,0.43317043028999,-0.00762781930727005
0.667,3,2,3,1,0.419129775865412,-0.000631961623540358
0.667,3,2,3,2,0.434494015083819,-0.000276579729312829
0.667,3,3,1,1,0.413564030985755,0.00112561343618874
0.667,3,3,1,2,0.429768352318286,-0.00319856109399232
0.667,3,3,2,1,0.415934833675295,0.00889460480880057
0.667,3,3,2,2,0.431820927078928,-0.00751028852927943
0.667,3,3,3,1,0.417068366024885,0.0023291043474768
0.667,3,3,3,2,0.433153988133843,-0.000770865424684995
1,0,1,1,1,0.419926979893887,-0.00216147075111406
1,0,1,1,2,0.435364946812058,0.000397062305585042
1,0,1,2,1,0.422884862035313,0.000631234384890202
1,0,1,2,2,0.437922078347562,-0.00745724694499685
1,0,1,3,1,0.423386367703025,-0.00516953604864897
1,0,1,3,2,0.439242278117828,0.0015176206089713
1,0,2,1,1,0.414176144455447,-0.00274895391350682
1,0,2,1,2,0.430063449313736,-0.00234031691529228
1,0,2,2,1,0.416422825249674,0.0026065169694788
1,0,2,2,2,0.432267291759538,-0.00523100348191148
1,0,2,3,1,0.418210060962267,-0.0053808476760781
1,0,2,3,2,0.434127643355193,0.00132857482436776
1,0,3,1,1,0.413052517111184,-0.00337896444204509
1,0,3,1,2,0.429176208717389,-0.000871835515012811
1,0,3,2,1,0.415135293075081,0.00197039645442193
1,0,3,2,2,0.431454432662937,-0.00795786496651363
1,0,3,3,1,0.417366898133369,-0.00499997153209446
1,0,3,3,2,0.433037542335211,4.90263232940923e-05
1,0.333,1,1,1,0.41998916975956,-0.00223425097338936
1,0.333,1,1,2,0.435487240854398,-5.1347027666548e-05
1,0.333,1,2,1,0.422792199453447,0.000732485286494078
1,0.333,1,2,2,0.437847669024306,-0.00784477663717057
1,0.333,1,3,1,0.423403045134368,-0.00474364465526025
1,0.333,1,3,2,0.43922388634871,0.00102151485136311
1,0.333,2,1,1,0.414156077403753,-0.00271538420658135
1,0.333,2,1,2,0.430036750850868,-0.00299808494511315
1,0.333,2,2,1,0.416381237226226,0.00246726404126559
1,0.333,2,2,2,0.432135128793272,-0.00611356149419449
1,0.333,2,3,1,0.418144158829274,-0.00519585672310295
1,0.333,2,3,2,0.433934574322126,0.000837434750194313
1,0.333,3,1,1,0.412666875719826,-0.00273262920622892
1,0.333,3,1,2,0.429303269235583,-0.00224428182792201
1,0.333,3,2,1,0.415164716005126,0.00152491165294095
1,0.333,3,2,2,0.431012359584401,-0.00709294563935909
1,0.333,3,3,1,0.416709419876378,-0.00530757689753299
1,0.333,3,3,2,0.432754280585296,-0.000976672587005464
1,0.667,1,1,1,0.420140986556063,-0.00211379300607695
1,0.667,1,1,2,0.435677985425385,-0.000299689207589364
1,0.667,1,2,1,0.42280000273849,0.00103429188756992
1,0.667,1,2,2,0.437858477038344,-0.00803558067261005
1,0.667,1,3,1,0.423507211597274,-0.00437841302211706
1,0.667,1,3,2,0.439289595491322,0.0008733079996284
1,0.667,2,1,1,0.414262578800817,-0.00265928671656607
1,0.667,2,1,2,0.430137750350048,-0.00346229431666818
1,0.667,2,2,1,0.416434563826021,0.00263968635337298
1,0.667,2,2,2,0.432192194539552,-0.00669023616821956
1,0.667,2,3,1,0.41822720688281,-0.00479063209640353
1,0.667,2,3,2,0.433920507079044,0.000374430348377979
1,0.667,3,1,1,0.412798239251987,-0.00225751177142593
1,0.667,3,1,2,0.429192132515481,-0.00182222617238127
1,0.667,3,2,1,0.415147664117002,0.00290850816777954
1,0.667,3,2,2,0.430945428533075,-0.00797053819567055
1,0.667,3,3,1,0.416600120294159,-0.00488932617017432
1,0.667,3,3,2,0.432701875030771,-0.00149022301804816
1,1,1,1,1,0.420327661675364,-0.00185553550445319
1,1,1,1,2,0.43589888819333,-0.000453205700998596
1,1,1,2,1,0.422850032276368,0.00131595210706683
1,1,1,2,2,0.437929731219672,-0.00820034310581454
1,1,1,3,1,0.423679703575155,-0.0038986347535391
1,1,1,3,2,0.439402789849326,0.000857302223901087
1,1,2,1,1,0.414411991029844,-0.0024562617847471
1,1,2,1,2,0.430295945182186,-0.00353822638052112
1,1,2,2,1,0.41654126203755,0.00312557044234252
1,1,2,2,2,0.432337677721159,-0.00704088169556609
1,1,2,3,1,0.418342481814557,-0.00425432030359404
1,1,2,3,2,0.433971290934215,4.13695934259354e-05
1,1,3,1,1,0.412889380615706,-0.00183408392220976
1,1,3,1,2,0.429284233549541,-0.00227571991585903
1,1,3,2,1,0.415186829203153,0.00435397998232422
1,1,3,2,2,0.431080218971069,-0.00760938091448931
1,1,3,3,1,0.416642281534131,-0.00249959332037703
1,1,3,3,2,0.432676125565356,-0.0014743603481105
1,1.333,1,1,1,0.420533960157956,-0.00157342009899529
1,1.333,1,1,2,0.436138200357898,-0.000589680967740843
1,1.333,1,2,1,0.422949284868148,0.00168967287972697
1,1.333,1,2,2,0.438030623764229,-0.00822107417591809
1,1.333,1,3,1,0.423827840136919,-0.00333910892753763
1,1.333,1,3,2,0.439582214475198,0.000732471118181368
1,1.333,2,1,1,0.414581476778753,-0.00204986332605023
1,1.333,2,1,2,0.430455083728727,-0.00364247896497982
1,1.333,2,2,1,0.416680074218339,0.00371822076064239
1,1.333,2,2,2,0.432474222382562,-0.00721490223492815
1,1.333,2,3,1,0.418464683282222,-0.00363296611432858
1,1.333,2,3,2,0.434042075006327,-0.000147228756953689
1,1.333,3,1,1,0.412766968339171,-0.00254161574156194
1,1.333,3,1,2,0.429408938742931,-0.00258687534606652
1,1.333,3,2,1,0.415348515655844,0.00446046343653487
1,1.333,3,2,2,0.43125009855281,-0.00620395215982081
1,1.333,3,3,1,0.416667905136356,-0.00059416069377163
1,1.333,3,3,2,0.432701700377203,0.000637557012214728
1,1.667,1,1,1,0.420746353683798,-0.00121714364150792
1,1.667,1,1,2,0.436379684491707,-0.000664056043310717
1,1.667,1,2,1,0.423043501594946,0.00208794108033273
1,1.667,1,2,2,0.438200825338868,-0.00835023297603546
1,1.667,1,3,1,0.423988546621664,-0.00279744802735493
1,1.667,1,3,2,0.439700158534012,0.000829283920813857
1,1.667,2,1,1,0.414764459339585,-0.00162794655411901
1,1.667,2,1,2,0.430616818547104,-0.00367610946866164
1,1.667,2,2,1,0.416848803333358,0.00423074899697313
1,1.667,2,2,2,0.432638562762327,-0.00735408842627535
1,1.667,2,3,1,0.418603073188777,-0.00293349902340222
1,1.667,2,3,2,0.434132586424401,-0.000193785188553705
1,1.667,3,1,1,0.413607453959048,-0.00156074189985404
1,1.667,3,1,2,0.429351370757599,-0.00252713590672048
1,1.667,3,2,1,0.415528001430259,0.00668256556089839
1,1.667,3,2,2,0.431711139398281,-0.00726893629822838
1,1.667,3,3,1,0.416907421106927,0.00023445630102011
1,1.667,3,3,2,0.432713184508239,-0.000495637819949495
1,2,1,1,1,0.420967200241821,-0.000893340534887366
1,2,1,1,2,0.436624855080772,-0.00071017510512527
1,2,1,2,1,0.42315050955672,0.00254220392024871
1,2,1,2,2,0.438341112226931,-0.00835620986896439
1,2,1,3,1,0.424156981534425,-0.0023055663380803
1,2,1,3,2,0.439869969420324,0.000850258380522814
1,2,2,1,1,0.414945229322384,-0.00131339519195559
1,2,2,1,2,0.430788629592038,-0.00384940162276082
1,2,2,2,1,0.417023507521008,0.00472665396333265
1,2,2,2,2,0.432823797005819,-0.00754215978612297
1,2,2,3,1,0.418760366550376,-0.00230232727252002
1,2,2,3,2,0.434254287706024,-0.000285378222937333
1,2,3,1,1,0.413205663758201,-0.000194041154542678
1,2,3,1,2,0.429491558821162,-0.00231271380398172
1,2,3,2,1,0.415776011960198,0.0075045029147159
1,2,3,2,2,0.431511151795246,-0.00752602817529048
1,2,3,3,1,0.416788863922789,0.000555199299801288
1,2,3,3,2,0.432837840690505,-0.00042739516978157
1,2.333,1,1,1,0.421188777115237,-0.000514621708672983
1,2.333,1,1,2,0.436873068635457,-0.000747113321265068
1,2.333,1,2,1,0.423265896427568,0.00294360818866944
1,2.333,1,2,2,0.438491394267032,-0.00833604581744371
1,2.333,1,3,1,0.424331179551715,-0.00178406403961875
1,2.333,1,3,2,0.440087970772068,0.000836006602890929
1,2.333,2,1,1,0.415136159028337,-0.000891685248623624
1,2.333,2,1,2,0.43097061722664,-0.00393620899985413
1,2.333,2,2,1,0.417227433048002,0.0053565243778847
1,2.333,2,2,2,0.43299821535908,-0.007629159416004
1,2.333,2,3,1,0.41892298771621,-0.00164853004991659
1,2.333,2,3,2,0.43440674115786,-0.000325179689867079
1,2.333,3,1,1,0.413414410321037,0.000423092229961325
1,2.333,3,1,2,0.429846145228463,-0.0030974859463866
1,2.333,3,2,1,0.415989050720023,0.00773667261774811
1,2.333,3,2,2,0.431613243484515,-0.00765005564119312
1,2.333,3,3,1,0.416879857044159,0.00142142163372528
1,2.333,3,3,2,0.43311941181371,-0.000717557334071383
1,2.667,1,1,1,0.421419699803626,-0.000142319672415721
1,2.667,1,1,2,0.437124591971844,-0.000784630993535549
1,2.667,1,2,1,0.423389575538329,0.00336764130074002
1,2.667,1,2,2,0.438650383850838,-0.00831118807199494
1,2.667,1,3,1,0.424510607003277,-0.00126107087214507
1,2.667,1,3,2,0.4402717964077,0.000871596267026895
1,2.667,2,1,1,0.415323507489226,-0.000450768795267206
1,2.667,2,1,2,0.431147951519346,-0.00402109178781549
1,2.667,2,2,1,0.417407183314821,0.00602590930433546
1,2.667,2,2,2,0.433185724057939,-0.00774074918502367
1,2.667,2,3,1,0.419124210483581,-0.00105441735472822
1,2.667,2,3,2,0.434539695524079,-0.000354006638185077
1,2.667,3,1,1,0.41361064117421,0.00141149109724315
1,2.667,3,1,2,0.430133579718139,-0.00323982205467377
1,2.667,3,2,1,0.415958007771313,0.00849629729309023
1,2.667,3,2,2,0.431808565565155,-0.00748218306308931
1,2.667,3,3,1,0.417162890958044,0.00276912194987764
1,2.667,3,3,2,0.43316459167084,-6.5720258790891e-05
1,3,1,1,1,0.421634602002996,0.000224467727298218
1,3,1,1,2,0.437369609053871,-0.000785513893364615
1,3,1,2,1,0.423517739830323,0.0038630605121852
1,3,1,2,2,0.438817333430884,-0.00831677074756553
1,3,1,3,1,0.42468476706154,-0.000712748774903935
1,3,1,3,2,0.440458834026928,0.000934160405783926
1,3,2,1,1,0.415514459562016,1.04372515432756e-05
1,3,2,1,2,0.431322152204779,-0.00402436936127492
1,3,2,2,1,0.417608394269431,0.00660246822213529
1,3,2,2,2,0.433363044546693,-0.00778097416974833
1,3,2,3,1,0.419295899679695,-0.000393460270272839
1,3,2,3,2,0.434638561672488,-0.000301871802249987
1,3,3,1,1,0.413601876938211,0.00157528961958278
1,3,3,1,2,0.429905094907387,-0.00307201053036591
1,3,3,2,1,0.416083789238295,0.00870023782549295
1,3,3,2,2,0.431853617713268,-0.00805821167904105
1,3,3,3,1,0.41719020968569,0.00270061400153066
1,3,3,3,2,0.433267759939166,-0.000486352369427632
1.333,0,1,1,1,0.420017190867099,-0.00247692833232004
1.333,0,1,1,2,0.435529278120706,0.000105374772309589
1.333,0,1,2,1,0.422879101818626,0.000543147700436295
1.333,0,1,2,2,0.437954093631584,-0.00781267931789927
1.333,0,1,3,1,0.423454051383672,-0.00517981653994977
1.333,0,1,3,2,0.439284893266756,0.00134685043011139
1.333,0,2,1,1,0.414196234302411,-0.00267369936023492
1.333,0,2,1,2,0.430109663002608,-0.00267515996093423
1.333,0,2,2,1,0.416405681863208,0.00275419160993077
1.333,0,2,2,2,0.432240190117804,-0.0055797645639958
1.333,0,2,3,1,0.41821160966282,-0.00529039694952779
1.333,0,2,3,2,0.434035804025107,0.00116467387271376
1.333,0,3,1,1,0.412702680612656,-0.00314518440167603
1.333,0,3,1,2,0.429172703440831,-0.00128358307386609
1.333,0,3,2,1,0.415254264561477,0.00167791291567319
1.333,0,3,2,2,0.431126490561671,-0.00579866052783537
1.333,0,3,3,1,0.417019878668049,-0.00485084178637388
1.333,0,3,3,2,0.432917300748688,-0.000490053762916681
1.333,0.333,1,1,1,0.42013780638004,-0.00254782030487379
1.333,0.333,1,1,2,0.435687816436067,-0.000366065946158281
1.333,0.333,1,2,1,0.422839212490065,0.000427353474224114
1.333,0.333,1,2,2,0.437919651971021,-0.00818123727321566
1.333,0.333,1,3,1,0.423510762375927,-0.00485231956856684
1.333,0.333,1,3,2,0.43930611746961,0.000814791250757827
1.333,0.333,2,1,1,0.414260780171674,-0.00292374789418573
1.333,0.333,2,1,2,0.43016159907766,-0.00345028396302673
1.333,0.333,2,2,1,0.416463798956645,0.00216730240361195
1.333,0.333,2,2,2,0.432238933348836,-0.00673226930534172
1.333,0.333,2,3,1,0.418260790265603,-0.00533149911649719
1.333,0.333,2,3,2,0.433972087555879,0.00051976737847301
1.333,0.333,3,1,1,0.412629745568692,-0.00313139355836727
1.333,0.333,3,1,2,0.429289746973366,-0.00237311319681746
1.333,0.333,3,2,1,0.415103131455213,0.00252996842727575
1.333,0.333,3,2,2,0.431078849090727,-0.0073576939451904
1.333,0.333,3,3,1,0.416696656422287,-0.00515074742827173
1.333,0.333,3,3,2,0.432744505595414,-0.00133140281917699
1.333,0.667,1,1,1,0.420310253121314,-0.00235316858917714
1.333,0.667,1,1,2,0.435896026191015,-0.000565391318605237
1.333,0.667,1,2,1,0.422891913200158,0.000750018179843403
1.333,0.667,1,2,2,0.43796297268208,-0.0083257111653483
1.333,0.667,1,3,1,0.423671018397484,-0.00447525158113808
1.333,0.667,1,3,2,0.439440754119342,0.000629250029544207
1.333,0.667,2,1,1,0.414396016374956,-0.00273217950265334
1.333,0.667,2,1,2,0.43032512509154,-0.00351071773942473
1.333,0.667,2,2,1,0.4165408524477,0.00268371043886421
1.333,0.667,2,2,2,0.432368797317418,-0.00712427300861646
1.333,0.667,2,3,1,0.418364647502383,-0.00467314443688084
1.333,0.667,2,3,2,0.434010029721556,2.48368302299987e-05
1.333,0.667,3,1,1,0.412833563700337,-0.00286013921929126
1.333,0.667,3,1,2,0.42931885503012,-0.00293648724645599
1.333,0.667,3,2,1,0.415464591387032,0.00318741844414627
1.333,0.667,3,2,2,0.431266517951634,-0.00885004137518961
1.333,0.667,3,3,1,0.416680535539982,-0.00414915112529373
1.333,0.667,3,3,2,0.432785088271472,-0.001757751410826
1.333,1,1,1,1,0.42050761681153,-0.00204340418505232
1.333,1,1,1,2,0.436134467612397,-0.000723728885894027
1.333,1,1,2,1,0.422960921679539,0.00113004049481993
1.333,1,1,2,2,0.438096159559104,-0.00850846670530295
1.333,1,1,3,1,0.423774446901316,-0.00409522943074587
1.333,1,1,3,2,0.43953484986569,0.000614360685315921
1.333,1,2,1,1,0.414570672363407,-0.0024054446098039
1.333,1,2,1,2,0.430483459833358,-0.00366688776483732
1.333,1,2,2,1,0.416667098671917,0.00328641240488749
1.333,1,2,2,2,0.432483490328496,-0.00723330222890981
1.333,1,2,3,1,0.418473109361862,-0.00410581248773313
1.333,1,2,3,2,0.434072712655407,-0.000195490108073093
1.333,1,3,1,1,0.413116210658948,-0.0026631070664367
1.333,1,3,1,2,0.429499934739406,-0.00243715289602729
1.333,1,3,2,1,0.415282483281495,0.00572106142145596
1.333,1,3,2,2,0.43118204978863,-0.00793302564969524
1.333,1,3,3,1,0.41689279521451,-0.00227875187142702
1.333,1,3,3,2,0.432699476500244,-0.00100853361832193
1.333,1.333,1,1,1,0.420726781665222,-0.00174151946569235
1.333,1.333,1,1,2,0.436383081001392,-0.000853858612229829
1.333,1.333,1,2,1,0.423048493008461,0.00147684515152574
1.333,1.333,1,2,2,0.438217176879904,-0.00858523286997041
1.333,1.333,1,3,1,0.423971993598008,-0.00345656496440213
1.333,1.333,1,3,2,0.439729063725171,0.000578567539752118
1.333,1.333,2,1,1,0.414748130379919,-0.00199349215855839
1.333,1.333,2,1,2,0.430638296582034,-0.00376638490766303
1.333,1.333,2,2,1,0.416825489075254,0.00382605683203586
1.333,1.333,2,2,2,0.432637060771958,-0.00737654780361075
1.333,1.333,2,3,1,0.418610355846131,-0.00338071913657031
1.333,1.333,2,3,2,0.434157641105112,-0.000263632417965117
1.333,1.333,3,1,1,0.413220288764748,-0.00104558434052838
1.333,1.333,3,1,2,0.429631558164907,-0.00243545460216107
1.333,1.333,3,2,1,0.415433878290173,0.00473672831960217
1.333,1.333,3,2,2,0.431309046362678,-0.00697932368643262
1.333,1.333,3,3,1,0.416874967803487,-0.000848034384635835
1.333,1.333,3,3,2,0.433013291197507,-0.000883589559171965
1.333,1.667,1,1,1,0.420948117610148,-0.00141148516668598
1.333,1.667,1,1,2,0.436632681895884,-0.000947627806073405
1.333,1.667,1,2,1,0.423152377767322,0.00193264591136214
1.333,1.667,1,2,2,0.438354027116358,-0.00859809047257941
1.333,1.667,1,3,1,0.424137878400832,-0.00288988227466882
1.333,1.667,1,3,2,0.439896171430293,0.000606323994655897
1.333,1.667,2,1,1,0.414938822737153,-0.00154579064047812
1.333,1.667,2,1,2,0.430808054040911,-0.00388041123320654
1.333,1.667,2,2,1,0.417021227037296,0.00436909760674768
1.333,1.667,2,2,2,0.432823147684111,-0.00755645885289542
1.333,1.667,2,3,1,0.418796871687366,-0.00278484665530096
1.333,1.667,2,3,2,0.43426589986899,-0.000287664072095632
1.333,1.667,3,1,1,0.41334452327556,-0.000469854308119118
1.333,1.667,3,1,2,0.429349870991824,-0.00270006301237499
1.333,1.667,3,2,1,0.415624727968995,0.00697558429376755
1.333,1.667,3,2,2,0.431426567566938,-0.00765279392349673
1.333,1.667,3,3,1,0.416664912543923,-0.000222325051489382
1.333,1.667,3,3,2,0.433034257191085,-0.000596673685209643
1.333,2,1,1,1,0.421171320186502,-0.00103439934684081
1.333,2,1,1,2,0.436885516749895,-0.000962888584524193
1.333,2,1,2,1,0.423267950908818,0.00240328622225257
1.333,2,1,2,2,0.43850248522999,-0.00858497034994842
1.333,2,1,3,1,0.424311371223903,-0.00242023703633244
1.333,2,1,3,2,0.440075205782957,0.000574273393872384
1.333,2,2,1,1,0.415127428083952,-0.00123505209857657
1.333,2,2,1,2,0.430995667272525,-0.00401386955897011
1.333,2,2,2,1,0.417212591850217,0.00491647444715429
1.333,2,2,2,2,0.433018289823011,-0.00775558500215343
1.333,2,2,3,1,0.418924022886598,-0.00215649547804243
1.333,2,2,3,2,0.434431292819446,-0.000452805641426137
1.333,2,3,1,1,0.41336926115461,0.000855664680388629
1.333,2,3,1,2,0.429685848594235,-0.00259744673886557
1.333,2,3,2,1,0.416011938378184,0.00838963938871334
1.333,2,3,2,2,0.43147687271295,-0.00826118804189152
1.333,2,3,3,1,0.416936749635957,0.00118634847416687
1.333,2,3,3,2,0.432946184872227,-0.000298304309554396
1.333,2.333,1,1,1,0.42140048122878,-0.000687694525645669
1.333,2.333,1,1,2,0.437129209777177,-0.000970799101274178
1.333,2.333,1,2,1,0.423387734960693,0.00288394153693821
1.333,2.333,1,2,2,0.438661724100427,-0.00858282300104572
1.333,2.333,1,3,1,0.424494847083088,-0.00182007107746138
1.333,2.333,1,3,2,0.440256901148081,0.00071686157570135
1.333,2.333,2,1,1,0.415321771744206,-0.000793108157844392
1.333,2.333,2,1,2,0.431174382566234,-0.00408298250726783
1.333,2.333,2,2,1,0.417391250044875,0.00554283383395858
1.333,2.333,2,2,2,0.433211198502161,-0.00789328545475767
1.333,2.333,2,3,1,0.419126689679765,-0.00147752920462576
1.333,2.333,2,3,2,0.434558317793823,-0.000401829283344669
1.333,2.333,3,1,1,0.413695434536196,0.00085532209162505
1.333,2.333,3,1,2,0.42986880705113,-0.00310270105680055
1.333,2.333,3,2,1,0.415941208701392,0.00750833822494144
1.333,2.333,3,2,2,0.43170490093431,-0.00736922415073544
1.333,2.333,3,3,1,0.417309083428972,0.00196232753000207
1.333,2.333,3,3,2,0.433319948588051,-0.00172964611108073
1.333,2.667,1,1,1,0.421621831588717,-0.00025818390011974
1.333,2.667,1,1,2,0.437375978381821,-0.000950127611229907
1.333,2.667,1,2,1,0.423514572237848,0.00330962626516743
1.333,2.667,1,2,2,0.438826214260839,-0.00854855446670894
1.333,2.667,1,3,1,0.424668734278163,-0.00128131453408976
1.333,2.667,1,3,2,0.440446292939954,0.000733924391522639
1.333,2.667,2,1,1,0.415510427392658,-0.000366643755396904
1.333,2.667,2,1,2,0.431361821254217,-0.00423011051676845
1.333,2.667,2,2,1,0.417594338211158,0.00613907451711833
1.333,2.667,2,2,2,0.433400739533103,-0.00799828345806334
1.333,2.667,2,3,1,0.419306687426203,-0.000867930643324485
1.333,2.667,2,3,2,0.434698648377749,-0.000432594031666133
1.333,2.667,3,1,1,0.413850354173402,0.00193107571573091
1.333,2.667,3,1,2,0.430110487622168,-0.00314004957425768
1.333,2.667,3,2,1,0.41612646694917,0.00829079536450861
1.333,2.667,3,2,2,0.432023784042385,-0.0076215325337177
1.333,2.667,3,3,1,0.417354675007489,0.00227737741549687
1.333,2.667,3,3,2,0.433323555908742,-0.000876734254953366
1.333,3,1,1,1,0.421850516316119,9.26353107259692e-05
1.333,3,1,1,2,0.437625759523398,-0.00093933139443392
1.333,3,1,2,1,0.42364652215592,0.00381332798010136
1.333,3,1,2,2,0.438997201516026,-0.00852655472769809
1.333,3,1,3,1,0.424848278694282,-0.000751437568491669
1.333,3,1,3,2,0.44063670275544,0.000850157245847406
1.333,3,2,1,1,0.415701439940993,7.42676274558676e-05
1.333,3,2,1,2,0.431536694864706,-0.00416043814999935
1.333,3,2,2,1,0.417796684207416,0.0067174882718329
1.333,3,2,2,2,0.433575428310328,-0.00797863255066692
1.333,3,2,3,1,0.419480027756617,-0.000204204110158265
1.333,3,2,3,2,0.434842310292899,-0.000438194323462843
1.333,3,3,1,1,0.413810767179528,0.00216588595743878
1.333,3,3,1,2,0.43013938313224,-0.00288715806297044
1.333,3,3,2,1,0.416301661474051,0.00970347928921499
1.333,3,3,2,2,0.43204855193325,-0.0070819079392118
1.333,3,3,3,1,0.417389248983021,0.00296599236034938
1.333,3,3,3,2,0.433398245410217,-0.00018409805771623
1.667,0,1,1,1,0.420145100415231,-0.00267223725967949
1.667,0,1,1,2,0.435722523669842,-0.000139176499513986
1.667,0,1,2,1,0.422905598076507,0.000256074728762688
1.667,0,1,2,2,0.437993542959313,-0.00799241891322488
1.667,0,1,3,1,0.423552540337007,-0.00528781374608934
1.667,0,1,3,2,0.439319348197358,0.00122689929578648
1.667,0,2,1,1,0.414263286338136,-0.00258632226185286
1.667,0,2,1,2,0.430199248284577,-0.00270334231111788
1.667,0,2,2,1,0.416454159758642,0.00266257135501732
1.667,0,2,2,2,0.432335420067064,-0.00594056357768958
1.667,0,2,3,1,0.418263901600888,-0.00514579662049759
1.667,0,2,3,2,0.434041943118689,0.00137855920468573
1.667,0,3,1,1,0.412697342730424,-0.00268107860335898
1.667,0,3,1,2,0.429224183997025,-0.00138219019969682
1.667,0,3,2,1,0.415039720932909,0.00281062043567036
1.667,0,3,2,2,0.431153890452779,-0.00654592892419545
1.667,0,3,3,1,0.417068337258875,-0.00467820561946821
1.667,0,3,3,2,0.432856571393547,-0.000434788953311022
1.667,0.333,1,1,1,0.42031117379695,-0.00287170407469557
1.667,0.333,1,1,2,0.435918738577945,-0.000803452143928558
1.667,0.333,1,2,1,0.422906984991724,0.000169229154741872
1.667,0.333,1,2,2,0.438013627627546,-0.00844556658072946
1.667,0.333,1,3,1,0.423649375663349,-0.00551252516257413
1.667,0.333,1,3,2,0.439415632875764,0.000593139100480546
1.667,0.333,2,1,1,0.414415670010601,-0.00313827812147806
1.667,0.333,2,1,2,0.430353363027197,-0.0035164844647217
1.667,0.333,2,2,1,0.416560943165953,0.00214562012873348
1.667,0.333,2,2,2,0.432370018755693,-0.00702365386192423
1.667,0.333,2,3,1,0.4183933783348,-0.00517601665769904
1.667,0.333,2,3,2,0.434061366688193,8.41167931102571e-05
1.667,0.333,3,1,1,0.412807287975401,-0.00259010227049258
1.667,0.333,3,1,2,0.42941507946798,-0.00304083257932291
1.667,0.333,3,2,1,0.415185103793995,0.00236106606799175
1.667,0.333,3,2,2,0.431283384235903,-0.00852631116373865
1.667,0.333,3,3,1,0.416537912350425,-0.005057495728387
1.667,0.333,3,3,2,0.432793531380157,-0.00133267165335504
1.667,0.667,1,1,1,0.420500100966314,-0.00260240209164216
1.667,0.667,1,1,2,0.436144743901702,-0.00103102004818862
1.667,0.667,1,2,1,0.422983037815416,0.000463531549477941
1.667,0.667,1,2,2,0.438133156970671,-0.00877786242157064
1.667,0.667,1,3,1,0.423827317532893,-0.00498859556480049
1.667,0.667,1,3,2,0.439572652282027,0.000380832939440919
1.667,0.667,2,1,1,0.414576984004812,-0.00277155047390506
1.667,0.667,2,1,2,0.43051424848065,-0.00369484782664164
1.667,0.667,2,2,1,0.416669427047965,0.00276701011720326
1.667,0.667,2,2,2,0.432532381207182,-0.00740925605062749
1.667,0.667,2,3,1,0.418544932620925,-0.00452009644069875
1.667,0.667,2,3,2,0.434112951351626,-0.000222990044299437
1.667,0.667,3,1,1,0.413216957962281,-0.00219497545719479
1.667,0.667,3,1,2,0.429495775639239,-0.00278213422785712
1.667,0.667,3,2,1,0.4150226472725,0.00509234051888559
1.667,0.667,3,2,2,0.431342915578893,-0.00759947895258107
1.667,0.667,3,3,1,0.416737263422722,-0.00323648833513271
1.667,0.667,3,3,2,0.432858750414982,-0.00137715727476983
1.667,1,1,1,1,0.420717401978621,-0.00234797726737878
1.667,1,1,1,2,0.436392678159566,-0.00108770098279186
1.667,1,1,2,1,0.42306388494952,0.000942204016610894
1.667,1,1,2,2,0.438238062553626,-0.0087643977651835
1.667,1,1,3,1,0.423977100908307,-0.00436203118236965
1.667,1,1,3,2,0.439719566622954,0.00027157470851634
1.667,1,2,1,1,0.414757266136944,-0.00230229452116533
1.667,1,2,1,2,0.43067012500299,-0.00378474124595046
1.667,1,2,2,1,0.416827933522442,0.00335140115216032
1.667,1,2,2,2,0.432674404419155,-0.00752601582021897
1.667,1,2,3,1,0.418665298673778,-0.003908237965402
1.667,1,2,3,2,0.434218447250763,-0.000358012106575418
1.667,1,3,1,1,0.413291038394774,-0.00169856681766757
1.667,1,3,1,2,0.429687900562655,-0.00252528203411736
1.667,1,3,2,1,0.4154880131889,0.00537068312213892
1.667,1,3,2,2,0.431239349144915,-0.00733321329734066
1.667,1,3,3,1,0.416870671200639,-0.00254811525797389
1.667,1,3,3,2,0.432860656862667,-0.000589182228637002
1.667,1.333,1,1,1,0.420938476354443,-0.00199293132586921
1.667,1.333,1,1,2,0.436633628764194,-0.00114447843129226
1.667,1.333,1,2,1,0.423161030866469,0.00130931525539329
1.667,1.333,1,2,2,0.43837076300254,-0.00883285591693737
1.667,1.333,1,3,1,0.42414104325538,-0.00378068360249053
1.667,1.333,1,3,2,0.439884953048148,0.000452346429545285
1.667,1.333,2,1,1,0.414945015604488,-0.00194262976196756
1.667,1.333,2,1,2,0.430837830786536,-0.00389530212036398
1.667,1.333,2,2,1,0.417024831572046,0.00383775604573227
1.667,1.333,2,2,2,0.432839643328125,-0.00765682347494678
1.667,1.333,2,3,1,0.418815195236033,-0.00322451728644374
1.667,1.333,2,3,2,0.434328890297967,-0.000443571984833676
1.667,1.333,3,1,1,0.413413360287204,-0.00215494409235403
1.667,1.333,3,1,2,0.429807843474779,-0.00237030094269054
1.667,1.333,3,2,1,0.415561440639888,0.00497017526385931
1.667,1.333,3,2,2,0.431391393421053,-0.00731541161865865
1.667,1.333,3,3,1,0.416902865774193,-0.00117208903026843
1.667,1.333,3,3,2,0.433062946192208,-0.000723987916979129
1.667,1.667,1,1,1,0.421162431287893,-0.00159158050443796
1.667,1.667,1,1,2,0.436895696964511,-0.0011985005475151
1.667,1.667,1,2,1,0.423273018193691,0.00176616057901738
1.667,1.667,1,2,2,0.438519814056728,-0.00882746845250401
1.667,1.667,1,3,1,0.424296653367423,-0.00284822726348148
1.667,1.667,1,3,2,0.440064746807747,0.000339553940118132
1.667,1.667,2,1,1,0.415142819394035,-0.00161344211899336
1.667,1.667,2,1,2,0.431025720887794,-0.00410799435406955
1.667,1.667,2,2,1,0.417193948419414,0.00443208131588271
1.667,1.667,2,2,2,0.433040784812392,-0.00780757124310756
1.667,1.667,2,3,1,0.418985447632056,-0.00267667912129262
1.667,1.667,2,3,2,0.43445820428053,-0.000501020476282952
1.667,1.667,3,1,1,0.413430220235407,-9.18383885967889e-05
1.667,1.667,3,1,2,0.429553824569476,-0.0031581203420706
1.667,1.667,3,2,1,0.416109997535282,0.00731624196499405
1.667,1.667,3,2,2,0.431486194048174,-0.00779225475005321
1.667,1.667,3,3,1,0.417080613651106,-0.00242671824483617
1.667,1.667,3,3,2,0.432955570837568,-0.000568609423699075
1.667,2,1,1,1,0.421392048299706,-0.00125564695506848
1.667,2,1,1,2,0.437144810703185,-0.00118033815667041
1.667,2,1,2,1,0.42339352299942,0.00210906908043084
1.667,2,1,2,2,0.438681745043084,-0.00887395311880718
1.667,2,1,3,1,0.424472931228181,-0.00230101480337714
1.667,2,1,3,2,0.440246694712797,0.000512149205993459
1.667,2,2,1,1,0.415332031496614,-0.00118670740452274
1.667,2,2,1,2,0.43121442527122,-0.0042228950426682
1.667,2,2,2,1,0.417376838300024,0.00509639214833349
1.667,2,2,2,2,0.433240208559765,-0.00800217761388882
1.667,2,2,3,1,0.419146784283869,-0.00197238081862682
1.667,2,2,3,2,0.434594046589461,-0.000570757872874433
1.667,2,3,1,1,0.413718564422252,0.00116467140081456
1.667,2,3,1,2,0.429881918576172,-0.00286378670297463
1.667,2,3,2,1,0.416116291889792,0.00848664107246699
1.667,2,3,2,2,0.431830268022671,-0.0079733363151576
1.667,2,3,3,1,0.417087120123617,0.0010190605493745
1.667,2,3,3,2,0.433116053818267,-0.000304950774413675
1.667,2.333,1,1,1,0.421618736160374,-0.000829720686809924
1.667,2.333,1,1,2,0.437397892344432,-0.0011631461466809
1.667,2.333,1,2,1,0.423516952891921,0.00275521157770301
1.667,2.333,1,2,2,0.438846630255948,-0.00886309421088221
1.667,2.333,1,3,1,0.424660236024102,-0.001746720146418
1.667,2.333,1,3,2,0.440436435953784,0.00060861723436107
1.667,2.333,2,1,1,0.415521131959792,-0.000764842750241839
1.667,2.333,2,1,2,0.431397732320396,-0.00429631494350039
1.667,2.333,2,2,1,0.417577140215469,0.00564222821347026
1.667,2.333,2,2,2,0.433430698874503,-0.00813731045934987
1.667,2.333,2,3,1,0.419324188635957,-0.00135107539051508
1.667,2.333,2,3,2,0.43473432371677,-0.000640178138297588
1.667,2.333,3,1,1,0.413953396550559,0.00166654296608976
1.667,2.333,3,1,2,0.430147813347932,-0.00315309296656198
1.667,2.333,3,2,1,0.416026106394967,0.00789441001048377
1.667,2.333,3,2,2,0.431898275933783,-0.00760429251588554
1.667,2.333,3,3,1,0.417135827494677,0.0019500042032126
1.667,2.333,3,3,2,0.433117739646193,-0.0004773639048307
1.667,2.667,1,1,1,0.421856115931083,-0.000439850839030345
1.667,2.667,1,1,2,0.437648141904564,-0.00114241948037058
1.667,2.667,1,2,1,0.42365545795192,0.00481707220373112
1.667,2.667,1,2,2,0.43901838430239,-0.00883132410514005
1.667,2.667,1,3,1,0.424837647435967,-0.00124221535285189
1.667,2.667,1,3,2,0.440627100511561,0.000640947391359924
1.667,2.667,2,1,1,0.415711788101174,-0.000369978560655218
1.667,2.667,2,1,2,0.431580648603278,-0.00436469167711822
1.667,2.667,2,2,1,0.417784159902735,0.00618028345218146
1.667,2.667,2,2,2,0.433620294977499,-0.00820293026907997
1.667,2.667,2,3,1,0.419488799727379,-0.000693741504067331
1.667,2.667,2,3,2,0.434879300612821,-0.000639895982906733
1.667,2.667,3,1,1,0.413991753652639,0.0016136563750737
1.667,2.667,3,1,2,0.43036104440015,-0.00322527246377246
1.667,2.667,3,2,1,0.416345739479153,0.00848070350147129
1.667,2.667,3,2,2,0.43218072370571,-0.00769262038233363
1.667,2.667,3,3,1,0.417544113176772,0.00296923717028616
1.667,2.667,3,3,2,0.433424785891781,-0.000731412995624965
1.667,3,1,1,1,0.422073953549285,-2.12862612422974e-05
1.667,3,1,1,2,0.437897874618512,-0.00115052102562948
1.667,3,1,2,1,0.423783228028195,0.00365750807297905
1.667,3,1,2,2,0.439195810514413,-0.00878915981054264
1.667,3,1,3,1,0.425022671296347,-0.000692314545624287
1.667,3,1,3,2,0.44082422721309,0.00069634442230982
1.667,3,2,1,1,0.415903127422142,5.90831632063494e-05
1.667,3,2,1,2,0.431758452469921,-0.00431836790999125
1.667,3,2,2,1,0.41798290914756,0.00680122399904255
1.667,3,2,2,2,0.433801027144834,-0.00822880508125076
1.667,3,2,3,1,0.419662368486464,-4.91363938430693e-05
1.667,3,2,3,2,0.435018201878944,-0.000547744791713834
1.667,3,3,1,1,0.41428759883674,0.00231369126595306
1.667,3,3,1,2,0.430321094474494,-0.00331336554201789
1.667,3,3,2,1,0.416465642819929,0.00883965263344642
1.667,3,3,2,2,0.432259649897106,-0.00749727203287511
1.667,3,3,3,1,0.417458269802645,0.00376917122073001
1.667,3,3,3,2,0.433701572662499,-0.000352869704674961
2,0,1,1,1,0.420299503201864,-0.00286230172955555
2,0,1,1,2,0.435939846606332,-0.000600129476001266
2,0,1,2,1,0.422966820111519,0.000120309396227809
2,0,1,2,2,0.438062572619868,-0.00819336990754605
2,0,1,3,1,0.423671758127898,-0.00539409296104876
2,0,1,3,2,0.439443776712602,0.00109381214779979
2,0,2,1,1,0.414394774283326,-0.00280718815191604
2,0,2,1,2,0.430359282171534,-0.00308258767994012
2,0,2,2,1,0.416536148911797,0.00272392171002237
2,0,2,2,2,0.432431730696672,-0.00630461026721037
2,0,2,3,1,0.418398616103156,-0.00482672806317362
2,0,2,3,2,0.434131768320872,0.00105269488578905
2,0,3,1,1,0.412870997961281,-0.00271044497000881
2,0,3,1,2,0.429300777749232,-0.0015431557084822
2,0,3,2,1,0.415439117356701,0.00210606327340429
2,0,3,2,2,0.431164035695928,-0.00648891786471664
2,0,3,3,1,0.417067516807443,-0.00476195902169992
2,0,3,3,2,0.432875604178305,-0.000448374695229211
2,0.333,1,1,1,0.420517384481795,-0.00342820804719964
2,0.333,1,1,2,0.436166773332661,-0.00120915906647738
2,0.333,1,2,1,0.422993954744542,-0.000197613873865262
2,0.333,1,2,2,0.438146860186959,-0.00897501186971983
2,0.333,1,3,1,0.42378916264472,-0.00564538246455155
2,0.333,1,3,2,0.439546299509758,0.000107264833274498
2,0.333,2,1,1,0.414613786297996,-0.00318582525443197
2,0.333,2,1,2,0.430571995229714,-0.00364658980042331
2,0.333,2,2,1,0.416713053192475,0.00218949626105882
2,0.333,2,2,2,0.432585831867441,-0.00755310710799671
2,0.333,2,3,1,0.418588189282251,-0.00505605840347289
2,0.333,2,3,2,0.434199512349649,-0.000218437847495793
2,0.333,3,1,1,0.412822230317286,-0.0036188869526993
2,0.333,3,1,2,0.42959835942242,-0.00334064668176299
2,0.333,3,2,1,0.415324360476162,0.00297447324966937
2,0.333,3,2,2,0.431458588161951,-0.00861331479808109
2,0.333,3,3,1,0.416954588264734,-0.00365125810481255
2,0.333,3,3,2,0.432896418217577,-0.001394588094435
2,0.667,1,1,1,0.420719917242738,-0.00312438171411457
2,0.667,1,1,2,0.436406510708705,-0.0013712835261077
2,0.667,1,2,1,0.42308816856958,0.000232378628618757
2,0.667,1,2,2,0.438284333937942,-0.0091485370465402
2,0.667,1,3,1,0.423934269474411,-0.00518033758643029
2,0.667,1,3,2,0.439683796628249,5.40590393945608e-05
2,0.667,2,1,1,0.414774525855846,-0.00269270611578283
2,0.667,2,1,2,0.430717308158549,-0.00384079144462834
2,0.667,2,2,1,0.416843653316032,0.00290099394645822
2,0.667,2,2,2,0.432713831672889,-0.00763071622110068
2,0.667,2,3,1,0.418695522848983,-0.00438025372847715
2,0.667,2,3,2,0.434256358555764,-0.000390670173737176
2,0.667,3,1,1,0.413117233771506,-0.00169055257399737
2,0.667,3,1,2,0.429706681147686,-0.00300425983315076
2,0.667,3,2,1,0.415514975863321,0.00558713929926916
2,0.667,3,2,2,0.431503254466447,-0.00786862125934733
2,0.667,3,3,1,0.416955879837179,-0.00317604440738862
2,0.667,3,3,2,0.433019570047985,-0.00143690746151607
2,1,1,1,1,0.420935992492895,-0.00267426503277719
2,1,1,1,2,0.436658789871054,-0.00151942220866601
2,1,1,2,1,0.423177077029307,0.000646946945712552
2,1,1,2,2,0.438399492463618,-0.009136271945569
2,1,1,3,1,0.42413571248199,-0.00463947001503114
2,1,1,3,2,0.43988099704232,8.11071715210928e-05
2,1,2,1,1,0.414968968506377,-0.0023635493005796
2,1,2,1,2,0.430895832472988,-0.00411491626695292
2,1,2,2,1,0.417015504590912,0.00337363557904893
2,1,2,2,2,0.432905402782747,-0.00786474957688116
2,1,2,3,1,0.418857278162546,-0.0038454629782436
2,1,2,3,2,0.434369388499766,-0.000602945598686534
2,1,3,1,1,0.413251444878494,-0.00184348374550014
2,1,3,1,2,0.429851434994491,-0.0026661844612421
2,1,3,2,1,0.415824829275306,0.00658759314945393
2,1,3,2,2,0.431585594071588,-0.0082189895620699
2,1,3,3,1,0.417028883784736,-0.00132848728639266
2,1,3,3,2,0.43297382571413,-0.00127458662023302
2,1.333,1,1,1,0.421164385422803,-0.00229293393369458
2,1.333,1,1,2,0.436905444343073,-0.00150185702246179
2,1.333,1,2,1,0.423282388619539,0.00105276926182747
2,1.333,1,2,2,0.438553708826091,-0.00925305618353842
2,1.333,1,3,1,0.424307894029193,-0.00411479686989063
2,1.333,1,3,2,0.440055837135014,9.38202286363943e-06
2,1.333,2,1,1,0.41515059586739,-0.00194350871113147
2,1.333,2,1,2,0.43106665194343,-0.00420995864594253
2,1.333,2,2,1,0.417190126578503,0.00392494647274731
2,1.333,2,2,2,0.433089645693588,-0.00806401233681964
2,1.333,2,3,1,0.41900598740627,-0.00311264436546462
2,1.333,2,3,2,0.434495522617704,-0.000597700407256744
2,1.333,3,1,1,0.413567654047851,-0.00050794410236092
2,1.333,3,1,2,0.430105860028613,-0.00303072775801054
2,1.333,3,2,1,0.415477523982775,0.00604431200125898
2,1.333,3,2,2,0.431484608928639,-0.00839451901844892
2,1.333,3,3,1,0.416924696195309,-0.00115088328771275
2,1.333,3,3,2,0.433187407566585,-0.00154892602177198
2,1.667,1,1,1,0.421384947609915,-0.00174440515389397
2,1.667,1,1,2,0.437171181266445,-0.0015273013580245
2,1.667,1,2,1,0.42340191818929,0.00154400182775049
2,1.667,1,2,2,0.438709489353845,-0.00921541224591737
2,1.667,1,3,1,0.424481788876552,-0.00345415538846936
2,1.667,1,3,2,0.4402409178297,0.000248025917966543
2,1.667,2,1,1,0.415355417539849,-0.00166360114339944
2,1.667,2,1,2,0.431256779320675,-0.00434577435296902
2,1.667,2,2,1,0.417384280803603,0.00439886285211345
2,1.667,2,2,2,0.433287880583578,-0.00824323421316259
2,1.667,2,3,1,0.419175548710185,-0.00254832775419819
2,1.667,2,3,2,0.434635687968461,-0.000689259503794276
2,1.667,3,1,1,0.413660059765251,-0.000632931906226163
2,1.667,3,1,2,0.429758659980659,-0.00296406208552241
2,1.667,3,2,1,0.415767310391357,0.0061649416455826
2,1.667,3,2,2,0.431804281605733,-0.00734555313226393
2,1.667,3,3,1,0.417037541917906,-0.00072101597236076
2,1.667,3,3,2,0.433316994814737,0.000446435751423823
2,2,1,1,1,0.421618935221524,-0.00144346708174521
2,2,1,1,2,0.437421117602281,-0.00147261387281897
2,2,1,2,1,0.423523494788248,0.00199016898053205
2,2,1,2,2,0.438865946732452,-0.00910249856714051
2,2,1,3,1,0.424660017195859,-0.00283111546729844
2,2,1,3,2,0.44043406027845,0.000315483239119211
2,2,2,1,1,0.415533083091737,-0.00116471390352632
2,2,2,1,2,0.431442023778602,-0.00440845352771042
2,2,2,2,1,0.417568312679037,0.00514814567547918
2,2,2,2,2,0.433482646128132,-0.00833730814029419
2,2,2,3,1,0.419334247877958,-0.00185590605807116
2,2,2,3,2,0.43478301902894,-0.000842015574730885
2,2,3,1,1,0.41362379782445,0.000773498224111278
2,2,3,1,2,0.430113405378753,-0.00338051331692402
2,2,3,2,1,0.416146180127003,0.00724970741920505
2,2,3,2,2,0.431979084972822,-0.00742552427892416
2,2,3,3,1,0.417553239369869,0.00176342528664964
2,2,3,3,2,0.433350386889591,-0.00122501504156608
2,2.333,1,1,1,0.421860827986871,-0.00100514836400192
2,2.333,1,1,2,0.437681907040486,-0.00146192547941036
2,2.333,1,2,1,0.423651756281543,0.00266007032297597
2,2.333,1,2,2,0.439034612610223,-0.00905271153066678
2,2.333,1,3,1,0.424840391128884,-0.00222203954622039
2,2.333,1,3,2,0.440623572537759,0.000379790865483196
2,2.333,2,1,1,0.415725726854881,-0.000753034624799546
2,2.333,2,1,2,0.431627696081107,-0.00450137052317322
2,2.333,2,2,1,0.41777045303679,0.00571793128712856
2,2.333,2,2,2,0.433660877814631,-0.00840267308213772
2,2.333,2,3,1,0.419502265066277,-0.00121739738128265
2,2.333,2,3,2,0.434923124024999,-0.00089027982458535
2,2.333,3,1,1,0.414234825580624,0.0017236868338781
2,2.333,3,1,2,0.430363880109764,-0.00282529036218873
2,2.333,3,2,1,0.416238792880681,0.00821034155791775
2,2.333,3,2,2,0.432008796613577,-0.00766600731199806
2,2.333,3,3,1,0.417331347983854,0.00218011410496743
2,2.333,3,3,2,0.433330911557215,-0.000659880945736347
2,2.667,1,1,1,0.422089552609753,-0.000581424518584779
2,2.667,1,1,2,0.437937122749943,-0.00131289053625751
2,2.667,1,2,1,0.423801588151527,0.00304792508886218
2,2.667,1,2,2,0.439208266500846,-0.00899894742340583
2,2.667,1,3,1,0.425012994409458,-0.00169825641863675
2,2.667,1,3,2,0.440820938248685,0.000547126904098918
2,2.667,2,1,1,0.415915310067471,-0.000391391282481437
2,2.667,2,1,2,0.431807227445768,-0.00450404057513394
2,2.667,2,2,1,0.417973517339872,0.00630079929256437
2,2.667,2,2,2,0.433853416262781,-0.00845639953126535
2,2.667,2,3,1,0.419677524930929,-0.00057909845950552
2,2.667,2,3,2,0.43506772990125,-0.000857034551601215
2,2.667,3,1,1,0.413643822006792,0.00107694675923729
2,2.667,3,1,2,0.430522722889283,-0.00298510788145291
2,2.667,3,2,1,0.416603230198523,0.00878641280487917
2,2.667,3,2,2,0.432296109556124,-0.0076384506785962
2,2.667,3,3,1,0.417802908945932,0.00397942978463168
2,2.667,3,3,2,0.433665537092644,-0.00121151779378321
2,3,1,1,1,0.42230885873396,-0.000214344664880359
2,3,1,1,2,0.438169931302818,-0.00132820163604433
2,3,1,2,1,0.423933589487812,0.0034680970764353
2,3,1,2,2,0.439392163248004,-0.0089597582342259
2,3,1,3,1,0.425208670901841,-0.00111863185889093
2,3,1,3,2,0.441019499943724,0.000565801926547298
2,3,2,1,1,0.416106951748282,3.3593069510054e-05
2,3,2,1,2,0.431986976281814,-0.00453462748013613
2,3,2,2,1,0.418169875410458,0.00682719382735252
2,3,2,2,2,0.434025030915099,-0.00836568845900722
2,3,2,3,1,0.419845015540028,0.000108532461892218
2,3,2,3,2,0.435208802913001,-0.000748719832918075
2,3,3,1,1,0.414307766773305,0.00222490512548849
2,3,3,1,2,0.430436708077294,-0.00245440466392415
2,3,3,2,1,0.416575284825179,0.0096429013798895
2,3,3,2,2,0.432474667436335,-0.00761548769783719
2,3,3,3,1,0.417695754674354,0.00434318585980923
2,3,3,3,2,0.433819282481324,4.09206402607521e-05
2.333,0,1,1,1,0.420476402752683,-0.00323301160981166
2.333,0,1,1,2,0.436155567378022,-0.000787119535081858
2.333,0,1,2,1,0.423048024060366,4.27526974501503e-05
2.333,0,1,2,2,0.438163278840594,-0.00838519751041756
2.333,0,1,3,1,0.423805117361686,-0.00559148570865826
2.333,0,1,3,2,0.439567718748175,0.001004305466851
2.333,0,2,1,1,0.41454725089737,-0.00260614227081801
2.333,0,2,1,2,0.430535404490743,-0.00308541244964878
2.333,0,2,2,1,0.416660943399176,0.00273577831728499
2.333,0,2,2,2,0.432548000933595,-0.00643555298335323
2.333,0,2,3,1,0.418540541372096,-0.00466234197223375
2.333,0,2,3,2,0.434230316367872,0.000929763385548915
2.333,0,3,1,1,0.413610039786358,-0.00346037342682997
2.333,0,3,1,2,0.429538388896183,-0.00259639414716767
2.333,0,3,2,1,0.415526466068974,0.0027826494579322
2.333,0,3,2,2,0.431311657289995,-0.00691004445336093
2.333,0,3,3,1,0.417189915523335,-0.00348894474770094
2.333,0,3,3,2,0.432923421466566,-0.000305715969425194
2.333,0.333,1,1,1,0.420733125100188,-0.00382508665736762
2.333,0.333,1,1,2,0.436430258139894,-0.00171885439767398
2.333,0.333,1,2,1,0.423105111562795,-0.000619892708197633
2.333,0.333,1,2,2,0.438295077170195,-0.00940770129098097
2.333,0.333,1,3,1,0.423938773618505,-0.00600731780896299
2.333,0.333,1,3,2,0.43969873814856,-0.000322750475797334
2.333,0.333,2,1,1,0.414801946130865,-0.00302908281941688
2.333,0.333,2,1,2,0.43078705674329,-0.0038565108311184
2.333,0.333,2,2,1,0.416882584704262,0.00229577357855942
2.333,0.333,2,2,2,0.432813020798202,-0.00786947461486923
2.333,0.333,2,3,1,0.418739204064258,-0.00485404160859783
2.333,0.333,2,3,2,0.434329919019653,-0.00036295348205226
2.333,0.333,3,1,1,0.413109892662208,-0.0031274690247601
2.333,0.333,3,1,2,0.429750528791586,-0.00373466619022109
2.333,0.333,3,2,1,0.415628935160566,0.00476241128187153
2.333,0.333,3,2,2,0.431727172833429,-0.00881035697723614
2.333,0.333,3,3,1,0.417141657110389,-0.00373722659030445
2.333,0.333,3,3,2,0.433016740080953,-0.00116426211580136
2.333,0.667,1,1,1,0.420935966014756,-0.00334850854756139
2.333,0.667,1,1,2,0.436668226774041,-0.00179396045235358
2.333,0.667,1,2,1,0.423200010069483,-0.000178874034558525
2.333,0.667,1,2,2,0.438439926305695,-0.0093804293943227
2.333,0.667,1,3,1,0.424140289940534,-0.00533444516746147
2.333,0.667,1,3,2,0.439882763049752,-0.000201305081108171
2.333,0.667,2,1,1,0.41499762905396,-0.00276509155271231
2.333,0.667,2,1,2,0.430947861780039,-0.00406564891161146
2.333,0.667,2,2,1,0.417018086923703,0.00287755698120093
2.333,0.667,2,2,2,0.432970237182354,-0.00798120474242531
2.333,0.667,2,3,1,0.418888811025734,-0.0043123789311541
2.333,0.667,2,3,2,0.434434356896568,-0.000810469435022266
2.333,0.667,3,1,1,0.413243429956424,-0.00340192061157161
2.333,0.667,3,1,2,0.429944855362796,-0.00328893310458458
2.333,0.667,3,2,1,0.41580380906207,0.00319736026923594
2.333,0.667,3,2,2,0.431766103293583,-0.00842758656237111
2.333,0.667,3,3,1,0.416910088511069,-0.00148520669441179
2.333,0.667,3,3,2,0.43317234607508,-0.00131718811362248
2.333,1,1,1,1,0.421158782605269,-0.00286198739921932
2.333,1,1,1,2,0.436920825552776,-0.00170700514234304
2.333,1,1,2,1,0.423301331384343,0.000349496120285943
2.333,1,1,2,2,0.438581643297544,-0.00940845018416072
2.333,1,1,3,1,0.424302692125254,-0.00491845273837188
2.333,1,1,3,2,0.440056213160354,-0.000173177052226096
2.333,1,2,1,1,0.415194521866245,-0.00244070432615802
2.333,1,2,1,2,0.431139626852122,-0.00437287541007425
2.333,1,2,2,1,0.417195568872309,0.00344870179885489
2.333,1,2,2,2,0.433197445322584,-0.00840713191181042
2.333,1,2,3,1,0.419047975571921,-0.00369194938627822
2.333,1,2,3,2,0.434559367253487,-0.000853143493980535
2.333,1,3,1,1,0.41333627856036,-0.00154212385479312
2.333,1,3,1,2,0.430086892750157,-0.00272595077798334
2.333,1,3,2,1,0.415889834018326,0.00650980553717764
2.333,1,3,2,2,0.431667152345528,-0.00909490363810197
2.333,1,3,3,1,0.417111480151811,3.80135985156511e-05
2.333,1,3,3,2,0.433117535965478,-0.00114967369199314
2.333,1.333,1,1,1,0.421389048179312,-0.0024639731393725
2.333,1.333,1,1,2,0.437183851869063,-0.00181516958304197
2.333,1.333,1,2,1,0.423411995484556,0.000743655408263221
2.333,1.333,1,2,2,0.43872608211211,-0.00939333855479286
2.333,1.333,1,3,1,0.424482105128294,-0.00420335187406225
2.333,1.333,1,3,2,0.440238123923752,7.60793574735074e-05
2.333,1.333,2,1,1,0.415365723215409,-0.00195562984442318
2.333,1.333,2,1,2,0.431318155503732,-0.00448775880051375
2.333,1.333,2,2,1,0.417392154829033,0.00390331163124221
2.333,1.333,2,2,2,0.433354746583451,-0.00846614384294394
2.333,1.333,2,3,1,0.41921048566106,-0.00301391286371928
2.333,1.333,2,3,2,0.434694894345707,-0.000972414105556987
2.333,1.333,3,1,1,0.413883092281192,-0.00207233724961183
2.333,1.333,3,1,2,0.430221670722472,-0.00302502906833057
2.333,1.333,3,2,1,0.415837721082034,0.00626317004356898
2.333,1.333,3,2,2,0.431641232136696,-0.00741565170094939
2.333,1.333,3,3,1,0.417181339952921,0.000112790415970217
2.333,1.333,3,3,2,0.433330740656326,-0.00128668155687449
2.333,1.667,1,1,1,0.421612410804939,-0.00185321766582923
2.333,1.667,1,1,2,0.437451226833357,-0.0017959943826458
2.333,1.667,1,2,1,0.423536796680828,0.00153521985292675
2.333,1.667,1,2,2,0.438897967512297,-0.00943539536864331
2.333,1.667,1,3,1,0.42465694490176,-0.00357728141326853
2.333,1.667,1,3,2,0.440434980121447,2.74185630401216e-05
2.333,1.667,2,1,1,0.415573343832712,-0.00167407369495219
2.333,1.667,2,1,2,0.431495697719085,-0.00450931824920412
2.333,1.667,2,2,1,0.417569708470512,0.00444435710591817
2.333,1.667,2,2,2,0.433538463833456,-0.00850976002256673
2.333,1.667,2,3,1,0.419373197352456,-0.00250566915086652
2.333,1.667,2,3,2,0.434830360996802,-0.000947113135457706
2.333,1.667,3,1,1,0.413891052259606,0.000615768962534191
2.333,1.667,3,1,2,0.429839246447665,-0.00329572206131609
2.333,1.667,3,2,1,0.415884771667893,0.00655975860246406
2.333,1.667,3,2,2,0.43198423077585,-0.00811099331691654
2.333,1.667,3,3,1,0.417121485795612,0.000724322740857571
2.333,1.667,3,3,2,0.433457804654483,0.000888742785492045
2.333,2,1,1,1,0.421862450706265,-0.00156737305537787
2.333,2,1,1,2,0.437699391748166,-0.00173106944256393
2.333,2,1,2,1,0.423661666214188,0.00188533624258831
2.333,2,1,2,2,0.439060829898077,-0.00934885413970106
2.333,2,1,3,1,0.424837756727811,-0.00294446749091079
2.333,2,1,3,2,0.440629968030455,0.000117953715220407
2.333,2,2,1,1,0.415742773977038,-0.00116849272924594
2.333,2,2,1,2,0.431680804702131,-0.0045667309947086
2.333,2,2,2,1,0.417766334215841,0.00518840882994893
2.333,2,2,2,2,0.433722766708048,-0.00858148542278323
2.333,2,2,3,1,0.419533233701912,-0.00174818308077184
2.333,2,2,3,2,0.434978327841034,-0.00106787125686621
2.333,2,3,1,1,0.413942630954427,0.000112367726966112
2.333,2,3,1,2,0.43024561506194,-0.00252536064554854
2.333,2,3,2,1,0.416441612406279,0.00892444307616093
2.333,2,3,2,2,0.432098155991309,-0.0069163360229884
2.333,2,3,3,1,0.417319878988645,0.00249374221242618
2.333,2,3,3,2,0.433475165312482,-0.000879113710750643
2.333,2.333,1,1,1,0.422103934313801,-0.00111784625128534
2.333,2.333,1,1,2,0.437963520143658,-0.00174419627869811
2.333,2.333,1,2,1,0.423793585717039,0.00242136884285991
2.333,2.333,1,2,2,0.439243289970166,-0.0093688213472871
2.333,2.333,1,3,1,0.425019825890091,-0.00239730999149128
2.333,2.333,1,3,2,0.440820119566591,0.000287841652962687
2.333,2.333,2,1,1,0.415937687436942,-0.000797582339905492
2.333,2.333,2,1,2,0.431865836177432,-0.00466195064316158
2.333,2.333,2,2,1,0.417965596921095,0.00577605399178095
2.333,2.333,2,2,2,0.433916702115552,-0.00869551119876054
2.333,2.333,2,3,1,0.419694045228354,-0.00112779649849807
2.333,2.333,2,3,2,0.435111509355494,-0.000978770134626816
2.333,2.333,3,1,1,0.413925715052861,0.00199144120356531
2.333,2.333,3,1,2,0.430545192036943,-0.00350339371123707
2.333,2.333,3,2,1,0.416346048358144,0.00769068662095051
2.333,2.333,3,2,2,0.432415001456397,-0.0085327208203344
2.333,2.333,3,3,1,0.418053727067292,0.00227020887287289
2.333,2.333,3,3,2,0.433616680060958,-0.000879703415317906
2.333,2.667,1,1,1,0.422326273622412,-0.000699871314214603
2.333,2.667,1,1,2,0.438211372551054,-0.00165499163294779
2.333,2.667,1,2,1,0.423950088518339,0.00282727159041598
2.333,2.667,1,2,2,0.439419004906741,-0.00927895558146417
2.333,2.667,1,3,1,0.425201187150483,-0.00169164796298541
2.333,2.667,1,3,2,0.44102235878089,0.000345639317224928
2.333,2.667,2,1,1,0.416126711950617,-0.00033672797446031
2.333,2.667,2,1,2,0.432036995851274,-0.0045823236901901
2.333,2.667,2,2,1,0.418170187113482,0.00633208569009077
2.333,2.667,2,2,2,0.434086050829789,-0.0086396438419438
2.333,2.667,2,3,1,0.419862686218674,-0.000465374258503108
2.333,2.667,2,3,2,0.435263908908808,-0.000946688646009197
2.333,2.667,3,1,1,0.41457785244522,0.00270509890129402
2.333,2.667,3,1,2,0.430690184123167,-0.00299467196117869
2.333,2.667,3,2,1,0.416521777191885,0.00948337327579206
2.333,2.667,3,2,2,0.432555236946069,-0.00760643557432899
2.333,2.667,3,3,1,0.418141963819508,0.00411127529478969
2.333,2.667,3,3,2,0.433818573508587,-0.00032964497793136
2.333,3,1,1,1,0.422543299767889,-0.000287766279080475
2.333,3,1,1,2,0.438462012431037,-0.00160841051846264
2.333,3,1,2,1,0.42408924921016,0.00339314022601689
2.333,3,1,2,2,0.439592436024414,-0.00896715719854516
2.333,3,1,3,1,0.425391461501896,-0.00121190801579749
2.333,3,1,3,2,0.441220427585818,0.00052030025776573
2.333,3,2,1,1,0.416317789170112,4.18737616004853e-05
2.333,3,2,1,2,0.432211878802888,-0.00462467555067686
2.333,3,2,2,1,0.418353383537226,0.00695659966814084
2.333,3,2,2,2,0.434254347337783,-0.00856947879027973
2.333,3,2,3,1,0.420027054780806,0.000259532087345784
2.333,3,2,3,2,0.435399863958259,-0.000869980740217034
2.333,3,3,1,1,0.414479366875689,0.00204632679245697
2.333,3,3,1,2,0.430875780743696,-0.00400127040351947
2.333,3,3,2,1,0.416740652410844,0.00981542292912982
2.333,3,3,2,2,0.432788154188717,-0.00809264130377947
2.333,3,3,3,1,0.417975165905702,0.00540493829844939
2.333,3,3,3,2,0.433854018825846,-0.000592139767392386
2.667,0,1,1,1,0.42066905515539,-0.0034876082924088
2.667,0,1,1,2,0.436377745788876,-0.00077636289474917
2.667,0,1,2,1,0.423147588795573,5.83881850920941e-05
2.667,0,1,2,2,0.438284168326866,-0.00857524934569626
2.667,0,1,3,1,0.423999048241645,-0.00580013111679252
2.667,0,1,3,2,0.439710945676519,0.000801793640594355
2.667,0,2,1,1,0.414700631943836,-0.0024847264484418
2.667,0,2,1,2,0.430746565427006,-0.00313917286429312
2.667,0,2,2,1,0.416822168960605,0.00281485890022198
2.667,0,2,2,2,0.432706272203487,-0.00662217506393204
2.667,0,2,3,1,0.418680063309986,-0.00435940930787835
2.667,0,2,3,2,0.434355971302121,0.00112851834650427
2.667,0,3,1,1,0.413683528329539,-0.00310391671944906
2.667,0,3,1,2,0.429794678329591,-0.00301590176136262
2.667,0,3,2,1,0.415637325216653,0.00295924126326692
2.667,0,3,2,2,0.431612617737461,-0.00749492417036508
2.667,0,3,3,1,0.417425398177989,-0.0034399375299664
2.667,0,3,3,2,0.433000439264803,5.38422952060058e-05
2.667,0.333,1,1,1,0.42094928807929,-0.00413930575250661
2.667,0.333,1,1,2,0.43670207872536,-0.00208239385991459
2.667,0.333,1,2,1,0.423253754600156,-0.00101189532741128
2.667,0.333,1,2,2,0.438514140254077,-0.00999440976236944
2.667,0.333,1,3,1,0.424111394766765,-0.00639027107482946
2.667,0.333,1,3,2,0.439864924028231,-0.000654163394027919
2.667,0.333,2,1,1,0.415034387657591,-0.00299063979116884
2.667,0.333,2,1,2,0.431014324310306,-0.00408266361793577
2.667,0.333,2,2,1,0.417058178343021,0.00231182813795974
2.667,0.333,2,2,2,0.43301899022837,-0.00800479701349522
2.667,0.333,2,3,1,0.418939531681335,-0.00471255794612357
2.667,0.333,2,3,2,0.434499881594455,-0.000652570784766337
2.667,0.333,3,1,1,0.413269207533844,-0.00380091776733381
2.667,0.333,3,1,2,0.429970651385662,-0.00397863673316885
2.667,0.333,3,2,1,0.415910670246225,0.00505093743436304
2.667,0.333,3,2,2,0.432002195862175,-0.00936933469953654
2.667,0.333,3,3,1,0.417028113666766,-0.00391152491792297
2.667,0.333,3,3,2,0.433253637237979,-0.00183304468363266
2.667,0.667,1,1,1,0.421160226995733,-0.00354057224701406
2.667,0.667,1,1,2,0.436947802882282,-0.00206241508467927
2.667,0.667,1,2,1,0.423336125196921,-0.000372670895985037
2.667,0.667,1,2,2,0.438624118817378,-0.00983694293764228
2.667,0.667,1,3,1,0.424307984857135,-0.00564260119475622
2.667,0.667,1,3,2,0.440062948977194,-0.000509356989145343
2.667,0.667,2,1,1,0.415239409058243,-0.00264616657575596
2.667,0.667,2,1,2,0.431225825811792,-0.00440929635577828
2.667,0.667,2,2,1,0.41722633481969,0.00280863075198003
2.667,0.667,2,2,2,0.433261205914227,-0.00843765999022272
2.667,0.667,2,3,1,0.419103144866771,-0.00412632283552527
2.667,0.667,2,3,2,0.434636112334043,-0.000916099009671787
2.667,0.667,3,1,1,0.413612182653482,-0.00243635233340042
2.667,0.667,3,1,2,0.430060478505149,-0.00320297410113001
2.667,0.667,3,2,1,0.415862469495708,0.00395761992406389
2.667,0.667,3,2,2,0.431824941801767,-0.00831837783585321
2.667,0.667,3,3,1,0.417325504629016,-0.00153695176326468
2.667,0.667,3,3,2,0.433371314684948,-0.001594002479646
2.667,1,1,1,1,0.421388686914237,-0.00308418238365803
2.667,1,1,1,2,0.437219610008935,-0.00215064085152285
2.667,1,1,2,1,0.423434593179628,0.00010788035950653
2.667,1,1,2,2,0.438764422972258,-0.00970860417269716
2.667,1,1,3,1,0.424485966239462,-0.00511798982679286
2.667,1,1,3,2,0.440225635467325,-0.000356781586807315
2.667,1,2,1,1,0.415421317789775,-0.00230835111336434
2.667,1,2,1,2,0.431394648889692,-0.00458594265289546
2.667,1,2,2,1,0.417410757890561,0.0033659723896437
2.667,1,2,2,2,0.433446751232554,-0.00866282713202338
2.667,1,2,3,1,0.419261971472403,-0.00361853540770426
2.667,1,2,3,2,0.434771821535803,-0.00102690062778983
2.667,1,3,1,1,0.413930479278844,-0.000982330094639422
2.667,1,3,1,2,0.430291498690635,-0.00289260785974617
2.667,1,3,2,1,0.415913324003692,0.0060724849679588
2.667,1,3,2,2,0.431945228854671,-0.00911156497406672
2.667,1,3,3,1,0.417444263720964,0.000864402439528892
2.667,1,3,3,2,0.433212359813408,-0.000977932233301108
2.667,1.333,1,1,1,0.421615538187789,-0.00253096619032136
2.667,1.333,1,1,2,0.437479571591437,-0.00209701684367992
2.667,1.333,1,2,1,0.423550196880408,0.000845492391072401
2.667,1.333,1,2,2,0.438922043101276,-0.00966725285455126
2.667,1.333,1,3,1,0.42465457826209,-0.00435179100974204
2.667,1.333,1,3,2,0.440431829082407,-0.000278721712296214
2.667,1.333,2,1,1,0.415610056487887,-0.00204667733991685
2.667,1.333,2,1,2,0.431575294067152,-0.00468711044092682
2.667,1.333,2,2,1,0.417587131282206,0.00387949148326098
2.667,1.333,2,2,2,0.433624905580111,-0.00880812835158929
2.667,1.333,2,3,1,0.419390482096485,-0.00308819474305747
2.667,1.333,2,3,2,0.434898448125362,-0.00117480502243424
2.667,1.333,3,1,1,0.41401855813569,-0.00161401393347564
2.667,1.333,3,1,2,0.430451120688042,-0.00280736940403271
2.667,1.333,3,2,1,0.415712123257651,0.00510767827009702
2.667,1.333,3,2,2,0.431872115754087,-0.00788781509206022
2.667,1.333,3,3,1,0.417331053259278,0.00092818672169725
2.667,1.333,3,3,2,0.433057771028158,0.00037998343505543
2.667,1.667,1,1,1,0.4218715988,-0.00227189833636406
2.667,1.667,1,1,2,0.43772533460473,-0.00195576951860698
2.667,1.667,1,2,1,0.423686811699662,0.001364963244457
2.667,1.667,1,2,2,0.439093200154484,-0.00963561287821449
2.667,1.667,1,3,1,0.424841356204845,-0.00380225852870282
2.667,1.667,1,3,2,0.440628241803178,-0.000114137365521167
2.667,1.667,2,1,1,0.4157927719108,-0.00157275766975943
2.667,1.667,2,1,2,0.431745674230974,-0.004652181062246
2.667,1.667,2,2,1,0.417776262797934,0.00449724780971814
2.667,1.667,2,2,2,0.433791460341466,-0.00876021836797558
2.667,1.667,2,3,1,0.419571406437833,-0.00236790740091599
2.667,1.667,2,3,2,0.435035001820393,-0.0011954202193869
2.667,1.667,3,1,1,0.414056816916159,-0.000153203597084047
2.667,1.667,3,1,2,0.430194504482468,-0.00283683401358511
2.667,1.667,3,2,1,0.416291185735375,0.00794351741265235
2.667,1.667,3,2,2,0.432496168663836,-0.00707792824226835
2.667,1.667,3,3,1,0.418012736941692,-0.000598188202096576
2.667,1.667,3,3,2,0.433497293412241,0.000636695746639335
2.667,2,1,1,1,0.422090957246165,-0.00166316205039844
2.667,2,1,1,2,0.437977569406057,-0.00188691812904212
2.667,2,1,2,1,0.423803941652201,0.0018755069179874
2.667,2,1,2,2,0.439268171659516,-0.00954986029555708
2.667,2,1,3,1,0.425021025534859,-0.00311146286453755
2.667,2,1,3,2,0.440825892628169,3.4571775946617e-05
2.667,2,2,1,1,0.415964100522498,-0.00123099484576065
2.667,2,2,1,2,0.431928344749887,-0.00470654842962473
2.667,2,2,2,1,0.417963196030325,0.00524887474221837
2.667,2,2,2,2,0.433978427556226,-0.00884013232634624
2.667,2,2,3,1,0.41972104224653,-0.001610973807753
2.667,2,2,3,2,0.435185199170147,-0.0013262291682294
2.667,2,3,1,1,0.413978369140851,0.0013625942329342
2.667,2,3,1,2,0.43055631947941,-0.00302235587815482
2.667,2,3,2,1,0.416666047391606,0.00957034519996157
2.667,2,3,2,2,0.432457241705354,-0.00819755723417467
2.667,2,3,3,1,0.417387011822147,0.0020571901074035
2.667,2,3,3,2,0.433707563683308,-0.00092837319206462
2.667,2.333,1,1,1,0.422363734327488,-0.00109051670689855
2.667,2.333,1,1,2,0.438241174028016,-0.0018423383421194
2.667,2.333,1,2,1,0.42394279721773,0.00241890489807956
2.667,2.333,1,2,2,0.439445276620886,-0.00949328885534152
2.667,2.333,1,3,1,0.425209222451078,-0.00247188124810385
2.667,2.333,1,3,2,0.441014552953311,0.000200586628861933
2.667,2.333,2,1,1,0.416154757132294,-0.000790795443910187
2.667,2.333,2,1,2,0.432111901038367,-0.00475819156971478
2.667,2.333,2,2,1,0.418169284956647,0.00578236753321536
2.667,2.333,2,2,2,0.434165716201993,-0.00892870528678072
2.667,2.333,2,3,1,0.419876959501248,-0.00102398288757019
2.667,2.333,2,3,2,0.435320030435231,-0.00119375658821886
2.667,2.333,3,1,1,0.414649918810355,-0.00123120335727298
2.667,2.333,3,1,2,0.430455596009402,-0.00276150039472065
2.667,2.333,3,2,1,0.416680908876764,0.00934492388379915
2.667,2.333,3,2,2,0.4326076009495,-0.00866876937021273
2.667,2.333,3,3,1,0.417752696745396,0.00227182550909889
2.667,2.333,3,3,2,0.433753485735545,0.000604136280473906
2.667,2.667,1,1,1,0.422523189794147,-0.000670693304052473
2.667,2.667,1,1,2,0.438496126387342,-0.00179636664371946
2.667,2.667,1,2,1,0.424098612902103,0.00273300799295947
2.667,2.667,1,2,2,0.439627985064491,-0.00940570070905309
2.667,2.667,1,3,1,0.42542778266353,-0.00178360887213225
2.667,2.667,1,3,2,0.441224004875802,0.000252873725694057
2.667,2.667,2,1,1,0.416343256107064,-0.000415665257658516
2.667,2.667,2,1,2,0.432288533537155,-0.00473841174203372
2.667,2.667,2,2,1,0.418367281557871,0.00637429897986105
2.667,2.667,2,2,2,0.434332390915008,-0.00885681595734101
2.667,2.667,2,3,1,0.420057378638272,-0.000288852656956865
2.667,2.667,2,3,2,0.435474629069509,-0.00117339924444555
2.667,2.667,3,1,1,0.414641606394394,0.00200763656764708
2.667,2.667,3,1,2,0.430910855658526,-0.00324189212952153
2.667,2.667,3,2,1,0.416942815098194,0.0093766568102797
2.667,2.667,3,2,2,0.432662232087564,-0.00738723346816166
2.667,2.667,3,3,1,0.418315170997447,0.00443346272450066
2.667,2.667,3,3,2,0.433797751549928,-1.50910782821254e-05
2.667,3,1,1,1,0.422663341609589,0.0019175101924405
2.667,3,1,1,2,0.438737458767916,-0.00172267576508032
2.667,3,1,2,1,0.424232103846723,0.00335896122388482
2.667,3,1,2,2,0.439831270398453,-0.00928734114079593
2.667,3,1,3,1,0.425575510203433,-0.00118885544213717
2.667,3,1,3,2,0.441431163445538,0.000524945377435423
2.667,3,2,1,1,0.416519652700428,9.00686718184478e-05
2.667,3,2,1,2,0.432440174335709,-0.00466112120688171
2.667,3,2,2,1,0.41854621508627,0.0069292142865971
2.667,3,2,2,2,0.434492087886205,-0.00873910719653099
2.667,3,2,3,1,0.420209867801994,0.000325341942836357
2.667,3,2,3,2,0.435608105753591,-0.00110684495359283
2.667,3,3,1,1,0.414280852553151,0.00273345595831241
2.667,3,3,1,2,0.430692978895945,-0.00451133782800784
2.667,3,3,2,1,0.417018264857903,0.00986228185407072
2.667,3,3,2,2,0.432679737592133,-0.0076805680874586
2.667,3,3,3,1,0.417723485951538,0.00476371436918839
2.667,3,3,3,2,0.433965963090255,-4.00562575327025e-05
3,0,1,1,1,0.420870525499869,-0.00370858527308548
3,0,1,1,2,0.436641401120159,-0.00126202538588268
3,0,1,2,1,0.42325711323428,-0.000395379121941451
3,0,1,2,2,0.438420472576658,-0.00873433418450882
3,0,1,3,1,0.424099468471009,-0.00560496127089018
3,0,1,3,2,0.439914136239439,0.000536672349787777
3,0,2,1,1,0.414902468663163,-0.00250147071820295
3,0,2,1,2,0.430986742940558,-0.00318603338349789
3,0,2,2,1,0.416940504266936,0.0032094341442948
3,0,2,2,2,0.432893266061497,-0.00684458142496675
3,0,2,3,1,0.418852163011283,-0.00416880131758293
3,0,2,3,2,0.434505645294407,0.000743039828477244
3,0,3,1,1,0.413825172710664,-0.00290716503871303
3,0,3,1,2,0.429985208619944,-0.00300798861609964
3,0,3,2,1,0.416123209776128,0.0036728675568374
3,0,3,2,2,0.431785879748945,-0.00752927889468055
3,0,3,3,1,0.417419046054237,-0.00220405598535563
3,0,3,3,2,0.433165516393322,0.00012284549461784
3,0.333,1,1,1,0.421183918150271,-0.00445281839306126
3,0.333,1,1,2,0.437016960930607,-0.00271647920516278
3,0.333,1,2,1,0.423382529268524,-0.00168520259506569
3,0.333,1,2,2,0.438680710053226,-0.0102625431343356
3,0.333,1,3,1,0.424335472440818,-0.00691498228547164
3,0.333,1,3,2,0.440077956330947,-0.00105736036379656
3,0.333,2,1,1,0.415302402713296,-0.00296084621096216
3,0.333,2,1,2,0.431303716660256,-0.00444392352099545
3,0.333,2,2,1,0.417274505333873,0.00230040266367798
3,0.333,2,2,2,0.433334788086366,-0.00865380575209804
3,0.333,2,3,1,0.41915788983913,-0.00452214699521079
3,0.333,2,3,2,0.434721840804245,-0.000939006257035434
3,0.333,3,1,1,0.41338275283355,-0.00314131113216978
3,0.333,3,1,2,0.430155000467657,-0.00395946376097547
3,0.333,3,2,1,0.416506618767199,0.00502681902482758
3,0.333,3,2,2,0.432142999629387,-0.00899393073125011
3,0.333,3,3,1,0.417612649672117,-0.000697855084864113
3,0.333,3,3,2,0.433417029734463,-0.00145040947640746
3,0.667,1,1,1,0.421409013030717,-0.00393312019234019
3,0.667,1,1,2,0.437265784085148,-0.00265291947037456
3,0.667,1,2,1,0.423477769525476,-0.00107054343643534
3,0.667,1,2,2,0.438816784405084,-0.0101870179973999
3,0.667,1,3,1,0.424497622319238,-0.00615257419929509
3,0.667,1,3,2,0.440249529124522,-0.000740224297509129
3,0.667,2,1,1,0.415487763421972,-0.00249651436337696
3,0.667,2,1,2,0.43149761931362,-0.00460843644765396
3,0.667,2,2,1,0.41745158574635,0.00282578700879913
3,0.667,2,2,2,0.433547537682122,-0.00888841256463084
3,0.667,2,3,1,0.419323047437448,-0.00395903758552201
3,0.667,2,3,2,0.434858963630318,-0.00115309164568543
3,0.667,3,1,1,0.413790820061425,-0.00234252277580264
3,0.667,3,1,2,0.430340626938192,-0.00346344952391021
3,0.667,3,2,1,0.415814038126981,0.00454865260749345
3,0.667,3,2,2,0.432050497923724,-0.00851757034829269
3,0.667,3,3,1,0.417550951133037,-0.000927801989472996
3,0.667,3,3,2,0.433512645607248,-0.00137641191177302
3,1,1,1,1,0.421646034580046,-0.00345270918003858
3,1,1,1,2,0.437496863360609,-0.00246300521164398
3,1,1,2,1,0.423575688210111,-0.000215076487218506
3,1,1,2,2,0.43897670727704,-0.0101650161420696
3,1,1,3,1,0.424673055600546,-0.00534134572121646
3,1,1,3,2,0.440450504183943,-0.000760387051197804
3,1,2,1,1,0.415649974842932,-0.00239767943455661
3,1,2,1,2,0.431673256025033,-0.00474216834732487
3,1,2,2,1,0.417649588442092,0.00333583740344689
3,1,2,2,2,0.43369683295326,-0.00881019782208079
3,1,2,3,1,0.419473120924111,-0.00340967713696481
3,1,2,3,2,0.435002726178782,-0.00125822229908284
3,1,3,1,1,0.413893764571374,-0.001265877562551
3,1,3,1,2,0.43052952725841,-0.00264562482971802
3,1,3,2,1,0.415550134605718,0.00736738849650945
3,1,3,2,2,0.431916500071306,-0.0090495079817626
3,1,3,3,1,0.41749341700967,-0.00181806719465665
3,1,3,3,2,0.433441862487656,0.00124446648159624
3,1.333,1,1,1,0.421878890338679,-0.00296043899631272
3,1.333,1,1,2,0.437753139986537,-0.00237320977982913
3,1.333,1,2,1,0.423703781452545,0.000228517467496373
3,1.333,1,2,2,0.439148746656445,-0.0101510549705313
3,1.333,1,3,1,0.424843267153102,-0.00464823869046146
3,1.333,1,3,2,0.440624486002558,-0.000610042270867648
3,1.333,2,1,1,0.4158398672765,-0.00193329284659948
3,1.333,2,1,2,0.43184126748967,-0.00486208957081917
3,1.333,2,2,1,0.417791269573249,0.00397994616777927
3,1.333,2,2,2,0.433892888082817,-0.00906181390059422
3,1.333,2,3,1,0.419593554838275,-0.00298370699710453
3,1.333,2,3,2,0.435134423072421,-0.00142788667576214
3,1.333,3,1,1,0.414502454592268,-1.08433514417094e-05
3,1.333,3,1,2,0.430117293562688,-0.00201176498379565
3,1.333,3,2,1,0.416486225036983,0.00793772349552806
3,1.333,3,2,2,0.432399598719951,-0.00602505007477772
3,1.333,3,3,1,0.418091789416582,0.00149777688027496
3,1.333,3,3,2,0.433657625245109,-0.000412944173049784
3,1.667,1,1,1,0.42211588761795,-0.00236400350098329
3,1.667,1,1,2,0.438013201475759,-0.00222563692651497
3,1.667,1,2,1,0.423833116633061,0.00111918495009486
3,1.667,1,2,2,0.439321646673475,-0.0100405587121351
3,1.667,1,3,1,0.425028463499548,-0.00397780143555607
3,1.667,1,3,2,0.440841247853521,-0.00034793909267051
3,1.667,2,1,1,0.416026628458939,-0.00160840954594078
3,1.667,2,1,2,0.432000696067604,-0.00472456652474463
3,1.667,2,2,1,0.417998940677585,0.00451492628375549
3,1.667,2,2,2,0.434031567885417,-0.00888525295360029
3,1.667,2,3,1,0.41977421345795,-0.00234842080012451
3,1.667,2,3,2,0.43524089103242,-0.00125111931697803
3,1.667,3,1,1,0.41450851946375,0.001556790718879
3,1.667,3,1,2,0.430295233347915,-0.0037403384083705
3,1.667,3,2,1,0.41607024028976,0.00707229071294864
3,1.667,3,2,2,0.432721288470806,-0.0068461154782946
3,1.667,3,3,1,0.417762065797393,0.0015138540969011
3,1.667,3,3,2,0.433773427550528,0.00138009056281257
3,2,1,1,1,0.422354194675056,-0.00199831881609047
3,2,1,1,2,0.438292026430076,-0.00223693332474266
3,2,1,2,1,0.423957916272793,0.00154477057797441
3,2,1,2,2,0.439479276574906,-0.0097924083929864
3,2,1,3,1,0.425203694119825,-0.0033125236735776
3,2,1,3,2,0.4410778799042,-6.21465746557908e-05
3,2,2,1,1,0.416193067019066,-0.00122586214369906
3,2,2,1,2,0.43217741575612,-0.00478628406935629
3,2,2,2,1,0.418172183257005,0.00519830165660752
3,2,2,2,2,0.434232912606794,-0.0090765995692535
3,2,2,3,1,0.419915087316657,-0.00152150658530435
3,2,2,3,2,0.435397167971877,-0.00141489901443001
3,2,3,1,1,0.414123035524922,0.00133225093927119
3,2,3,1,2,0.430689157833013,-0.00306130310099138
3,2,3,2,1,0.416772394011197,0.0102046946432517
3,2,3,2,2,0.432375586620829,-0.00769293915287132
3,2,3,3,1,0.417646040929064,0.00190639665606471
3,2,3,3,2,0.433789514120974,0.000601139007244808
3,2.333,1,1,1,0.422616265024049,-0.00115785183578989
3,2.333,1,1,2,0.438559835741401,-0.00220260495473297
3,2.333,1,2,1,0.424082772340907,0.00221652275230949
3,2.333,1,2,2,0.439668826834076,-0.00979251024945884
3,2.333,1,3,1,0.425412173663356,-0.00237290598064537
3,2.333,1,3,2,0.441220812756423,3.95429854049878e-05
3,2.333,2,1,1,0.416371945755307,-0.000864787198779599
3,2.333,2,1,2,0.432362835306501,-0.00484406075364836
3,2.333,2,2,1,0.418374372467629,0.00577519682919388
3,2.333,2,2,2,0.434417282893218,-0.00911765001774468
3,2.333,2,3,1,0.420064817539463,-0.00103588729007212
3,2.333,2,3,2,0.435542753322541,-0.00134604951304637
3,2.333,3,1,1,0.414395228838418,0.000849780535446025
3,2.333,3,1,2,0.430888538357939,-0.00279314287713527
3,2.333,3,2,1,0.416686107527118,0.0107087763091824
3,2.333,3,2,2,0.432674755824701,-0.00875104703241326
3,2.333,3,3,1,0.418391900938659,0.0043886386559027
3,2.333,3,3,2,0.433912864787726,-0.000486344706034151
3,2.667,1,1,1,0.422799219550351,-0.000835285919050061
3,2.667,1,1,2,0.438815307781891,-0.002094850349626
3,2.667,1,2,1,0.424270201282233,0.00265274569307209
3,2.667,1,2,2,0.439758121882245,-0.00904144433981291
3,2.667,1,3,1,0.425577000661424,-0.00199191005480945
3,2.667,1,3,2,0.441446630978896,4.95978471534488e-05
3,2.667,2,1,1,0.416557675753206,-0.000505884848915211
3,2.667,2,1,2,0.432531521895725,-0.00481269538399404
3,2.667,2,2,1,0.418562927796656,0.00629629023000064
3,2.667,2,2,2,0.434574489503603,-0.00899497847903445
3,2.667,2,3,1,0.420245175078009,-0.000259660096973229
3,2.667,2,3,2,0.435686343719866,-0.00126582533658486
3,2.667,3,1,1,0.415013937066757,0.00285198358446494
3,2.667,3,1,2,0.43114161540269,-0.00328564276312397
3,2.667,3,2,1,0.417068437382867,0.0101377768228405
3,2.667,3,2,2,0.432791182816476,-0.0072602250208074
3,2.667,3,3,1,0.418102533733894,0.00371460930766407
3,2.667,3,3,2,0.434069881240419,-0.000201290470925072
3,3,1,1,1,0.423067926886213,-0.000375844143874153
3,3,1,1,2,0.439039880041058,-0.00197516276057084
3,3,1,2,1,0.424380180362062,0.00320477896217472
3,3,1,2,2,0.440050499235743,-0.00956729955723627
3,3,1,3,1,0.425770683904996,-0.00142782703067078
3,3,1,3,2,0.44166252096592,0.000243476618549626
3,3,2,1,1,0.416722548953621,6.24914274571518e-05
3,3,2,1,2,0.432676149895296,-0.0047470278348622
3,3,2,2,1,0.418745571650706,0.00693328568546241
3,3,2,2,2,0.434725398351049,-0.00891050551777487
3,3,2,3,1,0.420400700994368,0.000409107277584548
3,3,2,3,2,0.435808145219094,-0.0012297417219826
3,3,3,1,1,0.415112266851496,0.00346655008324676
3,3,3,1,2,0.430921376297322,-0.0026917641800196
3,3,3,2,1,0.417262085711095,0.0107887024405746
3,3,3,2,2,0.432981893872065,-0.00736989518360979
3,3,3,3,1,0.418128919074192,0.00481190893693206
3,3,3,3,2,0.434223455909412,-6.21277896187766e-05
